StartDate,EndDate,Status,IPAddress,Progress,Duration (in seconds),Finished,RecordedDate,ResponseId,RecipientLastName,RecipientFirstName,RecipientEmail,ExternalReference,LocationLatitude,LocationLongitude,DistributionChannel,UserLanguage,Age,Gender,University,Course,City,Real_1,Real_2,Real_3,Real_4,Real_5,Real_6,Real_7,Real_8,Real_9,Real_10,Real_11,Real_12,Real_13,Real_14,Real_15,Real_16,Real_17,Real_18,Real_19,Real_20,Real_21,Real_22,Real_23,Real_24,Real_25,Reported Raw,Reported_1,Reported_2,Reported_3,Reported_4,Reported_5,Reported_6,Reported_7,Reported_8,Reported_9,Reported_10,Reported_11,Reported_12,Reported_13,Reported_14,Reported_15,Reported_16,Reported_17,Reported_18,Reported_19,Reported_20,Reported_21,Reported_22,Reported_23,Reported_24,Reported_25,Pair?,Result,Did you manipulate?,All reasons,All reasons_9_TEXT,Exchange?,Exchange?_1_TEXT,IsHatBetter?,Understanding,Q26
Start Date,End Date,Response Type,IP Address,Progress,Duration (in seconds),Finished,Recorded Date,Response ID,Recipient Last Name,Recipient First Name,Recipient Email,External Data Reference,Location Latitude,Location Longitude,Distribution Channel,User Language,גיל,מין,לומד רפואה באוניברסיטת,לומד במסלול,עיר מגורים,בעולם אוטופי (מושלם) בו יכולת לבחור איזה בית חולים שהיית מעוניין/ת בו - כיצד היית מדרג/ת את בתי החולים הבאים? (גרור לפי הסדר הרצוי כאשר מקום 1 הוא בית החולים הטוב ביותר עבורך והאחרון הכי פחות טוב עבורך) - איכילוב,בעולם אוטופי (מושלם) בו יכולת לבחור איזה בית חולים שהיית מעוניין/ת בו - כיצד היית מדרג/ת את בתי החולים הבאים? (גרור לפי הסדר הרצוי כאשר מקום 1 הוא בית החולים הטוב ביותר עבורך והאחרון הכי פחות טוב עבורך) - יוספטל,בעולם אוטופי (מושלם) בו יכולת לבחור איזה בית חולים שהיית מעוניין/ת בו - כיצד היית מדרג/ת את בתי החולים הבאים? (גרור לפי הסדר הרצוי כאשר מקום 1 הוא בית החולים הטוב ביותר עבורך והאחרון הכי פחות טוב עבורך) - רבין - בלינסון,בעולם אוטופי (מושלם) בו יכולת לבחור איזה בית חולים שהיית מעוניין/ת בו - כיצד היית מדרג/ת את בתי החולים הבאים? (גרור לפי הסדר הרצוי כאשר מקום 1 הוא בית החולים הטוב ביותר עבורך והאחרון הכי פחות טוב עבורך) - רבין - השרון,בעולם אוטופי (מושלם) בו יכולת לבחור איזה בית חולים שהיית מעוניין/ת בו - כיצד היית מדרג/ת את בתי החולים הבאים? (גרור לפי הסדר הרצוי כאשר מקום 1 הוא בית החולים הטוב ביותר עבורך והאחרון הכי פחות טוב עבורך) - מאיר,בעולם אוטופי (מושלם) בו יכולת לבחור איזה בית חולים שהיית מעוניין/ת בו - כיצד היית מדרג/ת את בתי החולים הבאים? (גרור לפי הסדר הרצוי כאשר מקום 1 הוא בית החולים הטוב ביותר עבורך והאחרון הכי פחות טוב עבורך) - אסף הרופא,בעולם אוטופי (מושלם) בו יכולת לבחור איזה בית חולים שהיית מעוניין/ת בו - כיצד היית מדרג/ת את בתי החולים הבאים? (גרור לפי הסדר הרצוי כאשר מקום 1 הוא בית החולים הטוב ביותר עבורך והאחרון הכי פחות טוב עבורך) - שיבא,בעולם אוטופי (מושלם) בו יכולת לבחור איזה בית חולים שהיית מעוניין/ת בו - כיצד היית מדרג/ת את בתי החולים הבאים? (גרור לפי הסדר הרצוי כאשר מקום 1 הוא בית החולים הטוב ביותר עבורך והאחרון הכי פחות טוב עבורך) - הדסה,בעולם אוטופי (מושלם) בו יכולת לבחור איזה בית חולים שהיית מעוניין/ת בו - כיצד היית מדרג/ת את בתי החולים הבאים? (גרור לפי הסדר הרצוי כאשר מקום 1 הוא בית החולים הטוב ביותר עבורך והאחרון הכי פחות טוב עבורך) - קפלן,בעולם אוטופי (מושלם) בו יכולת לבחור איזה בית חולים שהיית מעוניין/ת בו - כיצד היית מדרג/ת את בתי החולים הבאים? (גרור לפי הסדר הרצוי כאשר מקום 1 הוא בית החולים הטוב ביותר עבורך והאחרון הכי פחות טוב עבורך) - שערי צדק,בעולם אוטופי (מושלם) בו יכולת לבחור איזה בית חולים שהיית מעוניין/ת בו - כיצד היית מדרג/ת את בתי החולים הבאים? (גרור לפי הסדר הרצוי כאשר מקום 1 הוא בית החולים הטוב ביותר עבורך והאחרון הכי פחות טוב עבורך) - רמבם,בעולם אוטופי (מושלם) בו יכולת לבחור איזה בית חולים שהיית מעוניין/ת בו - כיצד היית מדרג/ת את בתי החולים הבאים? (גרור לפי הסדר הרצוי כאשר מקום 1 הוא בית החולים הטוב ביותר עבורך והאחרון הכי פחות טוב עבורך) - וולפסון,בעולם אוטופי (מושלם) בו יכולת לבחור איזה בית חולים שהיית מעוניין/ת בו - כיצד היית מדרג/ת את בתי החולים הבאים? (גרור לפי הסדר הרצוי כאשר מקום 1 הוא בית החולים הטוב ביותר עבורך והאחרון הכי פחות טוב עבורך) - כרמל,בעולם אוטופי (מושלם) בו יכולת לבחור איזה בית חולים שהיית מעוניין/ת בו - כיצד היית מדרג/ת את בתי החולים הבאים? (גרור לפי הסדר הרצוי כאשר מקום 1 הוא בית החולים הטוב ביותר עבורך והאחרון הכי פחות טוב עבורך) - סורוקה,בעולם אוטופי (מושלם) בו יכולת לבחור איזה בית חולים שהיית מעוניין/ת בו - כיצד היית מדרג/ת את בתי החולים הבאים? (גרור לפי הסדר הרצוי כאשר מקום 1 הוא בית החולים הטוב ביותר עבורך והאחרון הכי פחות טוב עבורך) - זיו,בעולם אוטופי (מושלם) בו יכולת לבחור איזה בית חולים שהיית מעוניין/ת בו - כיצד היית מדרג/ת את בתי החולים הבאים? (גרור לפי הסדר הרצוי כאשר מקום 1 הוא בית החולים הטוב ביותר עבורך והאחרון הכי פחות טוב עבורך) - הלל יפה,בעולם אוטופי (מושלם) בו יכולת לבחור איזה בית חולים שהיית מעוניין/ת בו - כיצד היית מדרג/ת את בתי החולים הבאים? (גרור לפי הסדר הרצוי כאשר מקום 1 הוא בית החולים הטוב ביותר עבורך והאחרון הכי פחות טוב עבורך) - העמק,בעולם אוטופי (מושלם) בו יכולת לבחור איזה בית חולים שהיית מעוניין/ת בו - כיצד היית מדרג/ת את בתי החולים הבאים? (גרור לפי הסדר הרצוי כאשר מקום 1 הוא בית החולים הטוב ביותר עבורך והאחרון הכי פחות טוב עבורך) - ברזילי,בעולם אוטופי (מושלם) בו יכולת לבחור איזה בית חולים שהיית מעוניין/ת בו - כיצד היית מדרג/ת את בתי החולים הבאים? (גרור לפי הסדר הרצוי כאשר מקום 1 הוא בית החולים הטוב ביותר עבורך והאחרון הכי פחות טוב עבורך) - פוריה,בעולם אוטופי (מושלם) בו יכולת לבחור איזה בית חולים שהיית מעוניין/ת בו - כיצד היית מדרג/ת את בתי החולים הבאים? (גרור לפי הסדר הרצוי כאשר מקום 1 הוא בית החולים הטוב ביותר עבורך והאחרון הכי פחות טוב עבורך) - נצרת,בעולם אוטופי (מושלם) בו יכולת לבחור איזה בית חולים שהיית מעוניין/ת בו - כיצד היית מדרג/ת את בתי החולים הבאים? (גרור לפי הסדר הרצוי כאשר מקום 1 הוא בית החולים הטוב ביותר עבורך והאחרון הכי פחות טוב עבורך) - נהריה,בעולם אוטופי (מושלם) בו יכולת לבחור איזה בית חולים שהיית מעוניין/ת בו - כיצד היית מדרג/ת את בתי החולים הבאים? (גרור לפי הסדר הרצוי כאשר מקום 1 הוא בית החולים הטוב ביותר עבורך והאחרון הכי פחות טוב עבורך) - בני ציון,בעולם אוטופי (מושלם) בו יכולת לבחור איזה בית חולים שהיית מעוניין/ת בו - כיצד היית מדרג/ת את בתי החולים הבאים? (גרור לפי הסדר הרצוי כאשר מקום 1 הוא בית החולים הטוב ביותר עבורך והאחרון הכי פחות טוב עבורך) - מעייני הישועה,בעולם אוטופי (מושלם) בו יכולת לבחור איזה בית חולים שהיית מעוניין/ת בו - כיצד היית מדרג/ת את בתי החולים הבאים? (גרור לפי הסדר הרצוי כאשר מקום 1 הוא בית החולים הטוב ביותר עבורך והאחרון הכי פחות טוב עבורך) - לניאדו,בעולם אוטופי (מושלם) בו יכולת לבחור איזה בית חולים שהיית מעוניין/ת בו - כיצד היית מדרג/ת את בתי החולים הבאים? (גרור לפי הסדר הרצוי כאשר מקום 1 הוא בית החולים הטוב ביותר עבורך והאחרון הכי פחות טוב עבורך) - אסותא אשדוד,"הדבק כאן את העדפותיך כפי שהועתקו מהאתר https://my.health.gov.il/(אם את\ה נתקלת בקשיים, ניתן להשתמש בכלי הדירוג המצוי מטה. אחרת, השאר את כלי הדירוג ללא שימוש)","במידה ונתקלת בקושי להעתיק ולהדביק את סדר אותו דירגת בתוכנה דרג את הבתי חולים בשאלה זאת. אחרת, השאר שאלה זאת ריקה. - איכילוב","במידה ונתקלת בקושי להעתיק ולהדביק את סדר אותו דירגת בתוכנה דרג את הבתי חולים בשאלה זאת. אחרת, השאר שאלה זאת ריקה. - יוספטל","במידה ונתקלת בקושי להעתיק ולהדביק את סדר אותו דירגת בתוכנה דרג את הבתי חולים בשאלה זאת. אחרת, השאר שאלה זאת ריקה. - רבין - בלינסון","במידה ונתקלת בקושי להעתיק ולהדביק את סדר אותו דירגת בתוכנה דרג את הבתי חולים בשאלה זאת. אחרת, השאר שאלה זאת ריקה. - רבין - השרון","במידה ונתקלת בקושי להעתיק ולהדביק את סדר אותו דירגת בתוכנה דרג את הבתי חולים בשאלה זאת. אחרת, השאר שאלה זאת ריקה. - מאיר","במידה ונתקלת בקושי להעתיק ולהדביק את סדר אותו דירגת בתוכנה דרג את הבתי חולים בשאלה זאת. אחרת, השאר שאלה זאת ריקה. - אסף הרופא","במידה ונתקלת בקושי להעתיק ולהדביק את סדר אותו דירגת בתוכנה דרג את הבתי חולים בשאלה זאת. אחרת, השאר שאלה זאת ריקה. - שיבא","במידה ונתקלת בקושי להעתיק ולהדביק את סדר אותו דירגת בתוכנה דרג את הבתי חולים בשאלה זאת. אחרת, השאר שאלה זאת ריקה. - הדסה","במידה ונתקלת בקושי להעתיק ולהדביק את סדר אותו דירגת בתוכנה דרג את הבתי חולים בשאלה זאת. אחרת, השאר שאלה זאת ריקה. - קפלן","במידה ונתקלת בקושי להעתיק ולהדביק את סדר אותו דירגת בתוכנה דרג את הבתי חולים בשאלה זאת. אחרת, השאר שאלה זאת ריקה. - שערי צדק","במידה ונתקלת בקושי להעתיק ולהדביק את סדר אותו דירגת בתוכנה דרג את הבתי חולים בשאלה זאת. אחרת, השאר שאלה זאת ריקה. - רמבם","במידה ונתקלת בקושי להעתיק ולהדביק את סדר אותו דירגת בתוכנה דרג את הבתי חולים בשאלה זאת. אחרת, השאר שאלה זאת ריקה. - וולפסון","במידה ונתקלת בקושי להעתיק ולהדביק את סדר אותו דירגת בתוכנה דרג את הבתי חולים בשאלה זאת. אחרת, השאר שאלה זאת ריקה. - כרמל","במידה ונתקלת בקושי להעתיק ולהדביק את סדר אותו דירגת בתוכנה דרג את הבתי חולים בשאלה זאת. אחרת, השאר שאלה זאת ריקה. - סורוקה","במידה ונתקלת בקושי להעתיק ולהדביק את סדר אותו דירגת בתוכנה דרג את הבתי חולים בשאלה זאת. אחרת, השאר שאלה זאת ריקה. - זיו","במידה ונתקלת בקושי להעתיק ולהדביק את סדר אותו דירגת בתוכנה דרג את הבתי חולים בשאלה זאת. אחרת, השאר שאלה זאת ריקה. - הלל יפה","במידה ונתקלת בקושי להעתיק ולהדביק את סדר אותו דירגת בתוכנה דרג את הבתי חולים בשאלה זאת. אחרת, השאר שאלה זאת ריקה. - העמק","במידה ונתקלת בקושי להעתיק ולהדביק את סדר אותו דירגת בתוכנה דרג את הבתי חולים בשאלה זאת. אחרת, השאר שאלה זאת ריקה. - ברזילי","במידה ונתקלת בקושי להעתיק ולהדביק את סדר אותו דירגת בתוכנה דרג את הבתי חולים בשאלה זאת. אחרת, השאר שאלה זאת ריקה. - פוריה","במידה ונתקלת בקושי להעתיק ולהדביק את סדר אותו דירגת בתוכנה דרג את הבתי חולים בשאלה זאת. אחרת, השאר שאלה זאת ריקה. - נצרת","במידה ונתקלת בקושי להעתיק ולהדביק את סדר אותו דירגת בתוכנה דרג את הבתי חולים בשאלה זאת. אחרת, השאר שאלה זאת ריקה. - נהריה","במידה ונתקלת בקושי להעתיק ולהדביק את סדר אותו דירגת בתוכנה דרג את הבתי חולים בשאלה זאת. אחרת, השאר שאלה זאת ריקה. - בני ציון","במידה ונתקלת בקושי להעתיק ולהדביק את סדר אותו דירגת בתוכנה דרג את הבתי חולים בשאלה זאת. אחרת, השאר שאלה זאת ריקה. - מעייני הישועה","במידה ונתקלת בקושי להעתיק ולהדביק את סדר אותו דירגת בתוכנה דרג את הבתי חולים בשאלה זאת. אחרת, השאר שאלה זאת ריקה. - לניאדו","במידה ונתקלת בקושי להעתיק ולהדביק את סדר אותו דירגת בתוכנה דרג את הבתי חולים בשאלה זאת. אחרת, השאר שאלה זאת ריקה. - אסותא אשדוד",האם הגרלת בזוג?,לאיזה בית חולים שובצת?,האם דירגת את בתי החולים בהגרלה באופן ששונה מהעדפותיך האמיתיות?,"אם ההעדפות האמיתיות שלך שונות מהדירוג שדיווחת, מדוע זה המצב? (סמנ/י את כל התשובות המשקפות את דעתך) - Selected Choice","אם ההעדפות האמיתיות שלך שונות מהדירוג שדיווחת, מדוע זה המצב? (סמנ/י את כל התשובות המשקפות את דעתך) - אחר, פרט - Text",האם ביצעת חילוף עבור השיבוץ שקיבלת? - Selected Choice,האם ביצעת חילוף עבור השיבוץ שקיבלת? - כן. פרט מדוע - Text,"בדיעבד, האם היית מעדיף שההגרלה תתבצע בשיטת הכובע כפי שהיה נהוג עד 2014?","כעת כאשר את\ה לאחר התהליך, כיצד היית מדרג את מידת ההבנה שלך אודות המערכת?","לאחר לחיצה על כפתור ה""המשך"" השאלון מסתיים. לאחריו יופיע קישור לטופס בו תוכל להשאיר את פרטיך לצורך קבלת התשלום. אין קישור בין המידע בשאלון זה לבין טופס הפרטים ופרטיותך נשמרת.
שים לב כי עלולה להופיע פרסומת מיד לאחר הסיום. יש ללחוץ בכל מקום על המסך ואז היא נעלמת. מיד לאחר מכן תקבל את הקישור.תודה!"
"{""ImportId"":""startDate"",""timeZone"":""Europe/Athens""}","{""ImportId"":""endDate"",""timeZone"":""Europe/Athens""}","{""ImportId"":""status""}","{""ImportId"":""ipAddress""}","{""ImportId"":""progress""}","{""ImportId"":""duration""}","{""ImportId"":""finished""}","{""ImportId"":""recordedDate"",""timeZone"":""Europe/Athens""}","{""ImportId"":""_recordId""}","{""ImportId"":""recipientLastName""}","{""ImportId"":""recipientFirstName""}","{""ImportId"":""recipientEmail""}","{""ImportId"":""externalDataReference""}","{""ImportId"":""locationLatitude""}","{""ImportId"":""locationLongitude""}","{""ImportId"":""distributionChannel""}","{""ImportId"":""userLanguage""}","{""ImportId"":""QID12_TEXT""}","{""ImportId"":""QID13""}","{""ImportId"":""QID14""}","{""ImportId"":""QID15""}","{""ImportId"":""QID16""}","{""ImportId"":""QID4_1""}","{""ImportId"":""QID4_2""}","{""ImportId"":""QID4_3""}","{""ImportId"":""QID4_4""}","{""ImportId"":""QID4_5""}","{""ImportId"":""QID4_6""}","{""ImportId"":""QID4_7""}","{""ImportId"":""QID4_8""}","{""ImportId"":""QID4_9""}","{""ImportId"":""QID4_10""}","{""ImportId"":""QID4_11""}","{""ImportId"":""QID4_12""}","{""ImportId"":""QID4_13""}","{""ImportId"":""QID4_14""}","{""ImportId"":""QID4_15""}","{""ImportId"":""QID4_16""}","{""ImportId"":""QID4_17""}","{""ImportId"":""QID4_18""}","{""ImportId"":""QID4_19""}","{""ImportId"":""QID4_20""}","{""ImportId"":""QID4_21""}","{""ImportId"":""QID4_22""}","{""ImportId"":""QID4_23""}","{""ImportId"":""QID4_24""}","{""ImportId"":""QID4_25""}","{""ImportId"":""QID29_TEXT""}","{""ImportId"":""QID18_1""}","{""ImportId"":""QID18_2""}","{""ImportId"":""QID18_3""}","{""ImportId"":""QID18_4""}","{""ImportId"":""QID18_5""}","{""ImportId"":""QID18_6""}","{""ImportId"":""QID18_7""}","{""ImportId"":""QID18_8""}","{""ImportId"":""QID18_9""}","{""ImportId"":""QID18_10""}","{""ImportId"":""QID18_11""}","{""ImportId"":""QID18_12""}","{""ImportId"":""QID18_13""}","{""ImportId"":""QID18_14""}","{""ImportId"":""QID18_15""}","{""ImportId"":""QID18_16""}","{""ImportId"":""QID18_17""}","{""ImportId"":""QID18_18""}","{""ImportId"":""QID18_19""}","{""ImportId"":""QID18_20""}","{""ImportId"":""QID18_21""}","{""ImportId"":""QID18_22""}","{""ImportId"":""QID18_23""}","{""ImportId"":""QID18_24""}","{""ImportId"":""QID18_25""}","{""ImportId"":""QID1""}","{""ImportId"":""QID19""}","{""ImportId"":""QID22""}","{""ImportId"":""QID2""}","{""ImportId"":""QID2_9_TEXT""}","{""ImportId"":""QID23""}","{""ImportId"":""QID23_1_TEXT""}","{""ImportId"":""QID24""}","{""ImportId"":""QID25""}","{""ImportId"":""QID26""}"
17/02/2018 17:15,17/02/2018 17:28,0,176.228.41.88,100,784,1,17/02/2018 17:28,R_1dBxCt5Me4rCiQ0,,,,,32.08859253,34.87219238,anonymous,HE,28,2,1,1,22,4,15,1,2,5,6,3,17,9,18,11,7,14,12,25,19,22,20,24,21,23,16,10,13,8,,10,17,1,2,4,5,3,14,9,16,12,6,13,11,25,19,20,22,24,21,23,15,8,18,7,2,20,1,"3,5",,3,,1,2,1
17/02/2018 19:02,17/02/2018 19:14,0,46.19.85.18,100,676,1,17/02/2018 19:14,R_3PZBxXaNhbC4LQG,,,,,32.06669617,34.76669312,anonymous,HE,28,2,1,1,61,7,19,1,4,2,3,5,18,8,13,14,6,17,15,24,12,20,22,25,21,23,16,11,10,9,,7,10,1,4,2,3,6,16,9,15,14,5,17,19,24,13,20,22,25,21,23,11,18,12,8,2,5,1,8,,2,,3,3,1
18/02/2018 19:02,18/02/2018 19:19,0,185.32.179.150,100,1016,1,18/02/2018 19:19,R_2Qrft4JZzxwiIKS,,,,,31.5,34.75,anonymous,HE,29,1,1,1,1,1,22,2,7,4,6,3,21,10,12,20,5,17,23,14,15,16,9,24,13,25,19,18,11,8,,6,18,5,8,17,2,7,11,3,9,20,1,14,10,25,19,21,15,22,24,23,16,12,4,13,2,12,1,"1,3,4,5,6,7,8",,3,,3,3,1
18/02/2018 21:30,18/02/2018 21:40,0,85.65.149.5,100,590,1,18/02/2018 21:40,R_1nPhOv8YL92QDFx,,,,,31.92640686,34.80329895,anonymous,HE,31,2,1,1,8,2,10,5,13,11,3,6,8,4,9,17,7,18,12,21,15,23,14,24,25,22,19,16,20,1,,4,13,5,14,9,2,7,8,3,12,11,6,16,10,25,15,18,22,24,21,23,17,19,20,1,2,18,1,"1,3,4,5",,3,,2,3,1
18/02/2018 21:30,18/02/2018 21:45,0,217.132.101.30,100,910,1,18/02/2018 21:45,R_2zMgfZCcaNotHQI,,,,,32.06669617,34.76669312,anonymous,HE,34,2,1,1,5,1,19,2,12,6,13,3,4,17,9,5,8,7,21,24,10,20,23,25,15,16,14,11,22,18,,5,21,4,9,8,12,1,2,11,15,6,3,7,14,25,17,16,23,24,20,22,10,19,18,13,2,23,1,"3,4,5,7",,3,,3,2,1
19/02/2018 14:07,19/02/2018 14:13,0,192.115.163.105,100,354,1,19/02/2018 14:13,R_1NtaFfwAXAeucCv,,,,,32.06669617,34.76669312,anonymous,HE,26,2,1,1,1,2,15,4,9,6,3,1,10,13,8,12,5,18,11,24,17,19,21,23,25,22,20,14,16,7,,5,19,6,7,9,2,1,12,10,11,13,3,15,20,24,14,17,21,23,25,22,18,8,16,4,2,17,1,"1,3,4,5,6,7,8",,2,,1,4,1
21/02/2018 19:34,21/02/2018 19:48,0,82.81.55.161,100,812,1,21/02/2018 19:48,R_d54F9wgdv7Rpgdj,,,,,32.06669617,34.76669312,anonymous,HE,28,1,1,1,1,1,7,2,5,4,6,3,14,18,15,9,17,12,20,19,13,16,24,25,21,10,11,23,22,8,1.איכילוב - סוראסקי2.יוספטל3.רבין בילינסון4.שיבא5.רמבם6.מאיר7.בני ציון8.אסף הרופא9.וולפסון10.הדסה11.המרכזי בעמק12.סורוקה13.רבין השרון14.שערי צדק15.אסותא אשדוד16.כרמל17.קפלן18.הלל יפה19.מעיני הישועה20.נצרת21.לניאדו22.ברזילי23.נהריה24.פוריה25.רבקה זיו,,,,,,,,,,,,,,,,,,,,,,,,,,2,10,1,"2,3,4,5",,3,,1,4,1
17/02/2018 17:39,17/02/2018 17:43,0,31.168.14.74,45,201,0,24/02/2018 17:43,R_1hFQ9Wlz0be6kmC,,,,,,,anonymous,HE,28,1,1,1,1,2,4,1,14,3,8,5,18,19,17,6,13,11,21,12,20,15,16,24,25,7,10,22,23,9,,,,,,,,,,,,,,,,,,,,,,,,,,,,,,,,,,,,
24/02/2018 20:46,24/02/2018 20:52,0,79.181.88.66,100,306,1,24/02/2018 20:52,R_3PnabknmyjG9qec,,,,,32.06669617,34.76669312,anonymous,HE,27,2,1,1,1,2,15,1,6,3,7,5,12,20,17,10,4,13,11,23,9,14,21,25,24,22,16,19,18,8,"1.	וולפסון 2.	איכילוב 3.	בילינסון 4.	מאיר 5.	שיבא 6.	רמבם 7.	כרמל 8.	השרון 9.	בני ציון 10.	אסהר 11.	המרכזי בעמק 12.	הדסה 13.	סורוקה 14.	אסותא אשדוד 15.	יוספטל 16.	קפלן 17.	שערי צדק 18.	מעייני הישועה 19.	הלל יפה 20.	לניאדו 21.	נצרת 22.	ברזילי 23.	נהריה 24.	פוריה 25.	זיו",,,,,,,,,,,,,,,,,,,,,,,,,,2,9,1,"1,3,5,7",,3,,3,1,1
24/02/2018 21:43,24/02/2018 21:50,0,176.12.176.218,100,405,1,24/02/2018 21:50,R_1ex9aBXGk0xO1Te,,,,,31.5,34.75,anonymous,HE,28,2,1,1,1,2,15,4,10,6,14,7,12,17,24,8,5,13,9,20,1,3,19,18,22,23,16,21,25,11,,2,25,3,11,5,12,6,14,17,19,8,13,9,7,22,1,4,21,23,18,24,16,15,20,10,2,7,1,"2,3,5",,3,,3,2,1
17/02/2018 19:46,17/02/2018 22:30,0,77.127.36.22,45,9817,0,24/02/2018 22:31,R_1dgXpAGIFVSGZj5,,,,,,,anonymous,HE,26,2,1,1,1,2,18,5,7,8,3,1,11,9,10,14,4,17,13,24,16,19,21,23,25,22,20,12,15,6,,,,,,,,,,,,,,,,,,,,,,,,,,,,,,,,,,,,
25/02/2018 18:00,25/02/2018 18:04,0,79.179.116.58,100,233,1,25/02/2018 18:04,R_3fHud32RL3HZdYl,,,,,31.5,34.75,anonymous,HE,32,2,1,1,1,8,14,5,10,7,2,1,6,17,19,4,3,13,9,25,16,12,23,24,20,22,11,18,21,15,,,,,,,,,,,,,,,,,,,,,,,,,,,2,23,1,"2,3,4,5,6,7",,3,,1,3,1
18/02/2018 18:22,18/02/2018 20:42,0,79.183.105.139,45,8408,0,25/02/2018 20:43,R_20OsoCGRtUwQH87,,,,,,,anonymous,HE,30,2,1,1,43,9,13,5,17,2,1,3,15,10,16,4,11,8,7,24,14,20,12,22,25,23,19,18,21,6,,,,,,,,,,,,,,,,,,,,,,,,,,,,,,,,,,,,
19/02/2018 22:37,20/02/2018 18:58,0,176.228.41.88,41,73286,0,27/02/2018 18:59,R_294jFDZH7jreEdv,,,,,,,anonymous,HE,1,2,1,1,17,9,5,18,6,25,19,16,3,17,2,11,15,20,23,13,7,1,24,14,22,8,21,12,10,4,,,,,,,,,,,,,,,,,,,,,,,,,,,,,,,,,,,,
22/02/2018 18:58,22/02/2018 19:03,0,2.53.32.237,41,292,0,01/03/2018 19:04,R_Rf4Uo2RvO4avekF,,,,,,,anonymous,HE,30,2,1,1,6,2,20,1,8,4,5,3,11,9,15,19,6,14,18,25,13,17,10,22,24,23,16,12,21,7,,,,,,,,,,,,,,,,,,,,,,,,,,,,,,,,,,,,
22/02/2018 21:50,22/02/2018 21:50,0,79.182.56.118,32,27,0,01/03/2018 21:51,R_eEA36agt59pb5Hb,,,,,,,anonymous,HE,30,1,1,1,1,,,,,,,,,,,,,,,,,,,,,,,,,,,,,,,,,,,,,,,,,,,,,,,,,,,,,,,,,,,,,
22/02/2018 17:51,23/02/2018 15:59,0,46.19.86.193,41,79662,0,02/03/2018 16:00,R_DFYPUYTByE9Yy0F,,,,,,,anonymous,HE,25,2,1,1,52,4,21,1,3,2,18,5,11,15,24,6,13,10,8,23,7,12,20,19,22,25,9,17,16,14,,,,,,,,,,,,,,,,,,,,,,,,,,,,,,,,,,,,
24/02/2018 21:54,24/02/2018 21:55,0,141.226.88.252,41,89,0,03/03/2018 21:56,R_2aJCL9h6RJwdGJL,,,,,,,anonymous,HE,32,2,1,1,1,5,23,13,16,21,14,25,3,11,8,7,10,24,4,9,12,2,20,6,15,19,22,1,18,17,,,,,,,,,,,,,,,,,,,,,,,,,,,,,,,,,,,,
06/03/2018 15:06,06/03/2018 15:26,0,31.154.101.236,100,1210,1,06/03/2018 15:26,R_1I4R71M8WMMu8xK,,,,,31.96420288,34.80439758,anonymous,HE,25,1,1,1,54,5,12,6,15,7,8,14,13,18,23,1,9,2,11,16,21,10,22,19,20,4,3,25,24,17,,4,15,5,13,9,10,11,16,14,17,1,12,3,7,24,21,6,22,23,19,18,2,20,25,8,2,22,1,"2,3,5,8",,3,,2,2,1
13/03/2018 20:09,13/03/2018 20:16,0,77.127.145.233,100,442,1,13/03/2018 20:17,R_3O6NfMQIauehNu2,,,,,31.5,34.75,anonymous,HE,32,2,1,2,1,1,13,2,14,5,6,3,16,15,17,18,4,19,9,22,11,8,24,23,25,21,20,7,12,10,1.איכילוב - סוראסקי2.וולפסון3.יוספטל4.מעיני הישועה5.אסף הרופא6.רבין בילינסון7.שיבא8.מאיר9.המרכזי בעמק10.קפלן11.רבין השרון12.סורוקה13.אסותא אשדוד14.הדסה15.רמבם16.כרמל17.בני ציון18.שערי צדק19.לניאדו20.הלל יפה21.נצרת22.ברזילי23.נהריה24.פוריה25.רבקה זיו ,,,,,,,,,,,,,,,,,,,,,,,,,,2,9,1,"1,3,4,5,6,8",,3,,3,3,1
13/03/2018 20:13,13/03/2018 20:18,0,89.138.149.94,100,317,1,13/03/2018 20:18,R_tXmlGj0rlOWQCpX,,,,,32.06669617,34.76669312,anonymous,HE,29,1,1,2,1,1,18,2,11,10,8,3,9,13,15,4,7,6,5,24,16,23,21,20,25,22,14,17,19,12,1.איכילוב - סוראסקי2.רבין בילינסון3.שיבא4.רמבם5.סורוקה6.כרמל7.וולפסון8.אסף הרופא9.הדסה10.מאיר11.רבין השרון12.אסותא אשדוד13.קפלן14.בני ציון15.שערי צדק16.הלל יפה17.מעיני הישועה18.יוספטל19.לניאדו20.פוריה21.ברזילי22.נהריה23.המרכזי בעמק24.רבקה זיו25.נצרת,,,,,,,,,,,,,,,,,,,,,,,,,,2,1,2,,,3,,3,2,1
13/03/2018 20:11,13/03/2018 20:24,0,46.120.7.239,100,775,1,13/03/2018 20:24,R_31a3LtX0EXOzmFQ,,,,,32.3493042,34.9940033,anonymous,HE,33,1,1,2,28,4,21,3,9,1,7,5,19,18,20,8,6,12,17,25,2,14,22,24,23,16,13,11,10,15,1.מאיר2.רבין בילינסון3.איכילוב - סוראסקי4.הלל יפה5.שיבא6.רבין השרון7.רמבם8.וולפסון9.אסף הרופא10.לניאדו11.מעיני הישועה12.בני ציון13.כרמל14.המרכזי בעמק15.קפלן16.אסותא אשדוד17.סורוקה18.הדסה19.שערי צדק20.נצרת21.נהריה22.ברזילי23.יוספטל24.פוריה25.רבקה זיו,7,9,14,8,20,24,21,12,22,10,4,2,18,1,5,15,19,23,16,11,6,3,17,13,25,2,13,1,"2,3",,3,,3,1,1
13/03/2018 20:26,13/03/2018 20:59,0,77.139.182.132,100,1936,1,13/03/2018 20:59,R_3Ht9OycBbxcloC4,,,,,32.06669617,34.76669312,anonymous,HE,32,1,1,2,1,1,19,2,4,7,3,5,9,15,10,12,6,21,17,23,20,18,16,24,25,22,11,13,14,8,1.אסף הרופא2.וולפסון3.שיבא4.איכילוב - סוראסקי5.רבין בילינסון6.אסותא אשדוד7.רבין השרון8.מעיני הישועה9.שערי צדק10.מאיר11.הדסה12.רמבם13.קפלן14.בני ציון15.לניאדו16.ברזילי17.יוספטל18.סורוקה19.הלל יפה20.המרכזי בעמק21.נצרת22.כרמל23.נהריה24.רבקה זיו25.פוריה,,,,,,,,,,,,,,,,,,,,,,,,,,2,3,1,"1,3,5,6,7,8",,3,,1,2,1
13/03/2018 21:02,13/03/2018 21:12,0,79.181.161.19,100,589,1,13/03/2018 21:12,R_2rHKWv1WTQiowX2,,,,,32.06669617,34.76669312,anonymous,HE,30,1,1,2,7,4,24,2,12,10,1,5,6,8,7,14,9,18,13,23,20,19,11,22,25,21,17,16,15,3,1.אסף הרופא2.אסותא אשדוד3.קפלן4.וולפסון5.הדסה6.שערי צדק7.איכילוב - סוראסקי8.שיבא9.רבין בילינסון10.מאיר11.רבין השרון12.סורוקה13.רמבם14.בני ציון15.כרמל16.לניאדו17.הלל יפה18.יוספטל19.מעיני הישועה20.המרכזי בעמק21.נצרת22.ברזילי23.נהריה24.פוריה25.רבקה זיו,,,,,,,,,,,,,,,,,,,,,,,,,,2,3,1,"1,2,3,4,5,6,8",,3,,3,1,1
13/03/2018 21:09,13/03/2018 21:16,0,109.66.7.254,100,408,1,13/03/2018 21:16,R_1OTyOUehIxp0ODO,,,,,31.5,34.75,anonymous,HE,29,2,1,1,6,4,22,1,3,5,7,2,13,12,14,9,6,11,10,23,17,15,20,21,19,18,16,25,24,8, 1.שיבא2.רבין השרון3.אסף הרופא4.וולפסון5.אסותא אשדוד6.קפלן7.בני ציון8.סורוקה9.רבין בילינסון10.רמבם11.מאיר12.המרכזי בעמק13.יוספטל14.הדסה15.שערי צדק16.כרמל17.איכילוב - סוראסקי18.הלל יפה19.מעיני הישועה20.לניאדו21.נצרת22.ברזילי23.נהריה24.פוריה25.רבקה זיו,3,13,22,10,19,7,17,16,15,24,11,2,23,25,14,20,5,6,1,4,12,8,9,21,18,2,23,1,"3,4,6",,3,,3,2,1
13/03/2018 23:56,14/03/2018 00:07,0,93.172.62.37,100,673,1,14/03/2018 00:07,R_3oZ3dgBZXkAhSNK,,,,,31.96420288,34.80439758,anonymous,HE,30,2,1,2,6,4,19,2,9,6,10,1,16,14,18,3,8,11,13,24,15,17,23,25,20,7,12,21,22,5,1.שיבא2.רמבם3.וולפסון4.מאיר5.אסותא אשדוד6.רבין בילינסון7.המרכזי בעמק8.אסף הרופא9.רבין השרון10.בני ציון11.נהריה12.קפלן13.הלל יפה14.איכילוב - סוראסקי15.הדסה16.סורוקה17.שערי צדק18.כרמל19.יוספטל20.מעיני הישועה21.ברזילי22.לניאדו23.נצרת24.רבקה זיו25.פוריה,,,,,,,,,,,,,,,,,,,,,,,,,,2,23,1,"1,4,5,8",,3,,2,2,1
14/03/2018 00:17,14/03/2018 00:29,0,79.179.145.50,100,754,1,14/03/2018 00:29,R_1cYC5n3niOREImR,,,,,31.5,34.75,anonymous,HE,33,2,1,2,1,1,5,16,20,3,11,15,10,21,19,6,8,2,18,7,17,9,25,13,22,12,4,24,23,14,1.בני ציון2.יוספטל3.רמבם4.כרמל5.מאיר6.איכילוב - סוראסקי7.אסף הרופא8.הדסה9.המרכזי בעמק10.שיבא11.וולפסון12.סורוקה13.רבין בילינסון14.שערי צדק15.הלל יפה16.קפלן17.לניאדו18.רבין השרון19.אסותא אשדוד20.מעיני הישועה21.נצרת22.נהריה23.פוריה24.רבקה זיו25.ברזילי,,,,,,,,,,,,,,,,,,,,,,,,,,2,4,1,"2,3,5,7",,3,,1,4,1
14/03/2018 07:45,14/03/2018 07:59,0,2.55.24.5,100,864,1,14/03/2018 07:59,R_RQQLQWiFgqpyWbf,,,,,32.06669617,34.76669312,anonymous,HE,31,1,1,2,58,7,24,2,3,1,19,17,23,16,8,10,4,14,12,22,6,15,20,21,25,11,13,18,5,9,,7,20,6,2,1,10,8,19,11,17,12,3,14,13,25,4,16,22,24,21,23,18,15,5,9,2,13,1,"1,3,4,5,6,8",,3,,3,2,1
14/03/2018 09:22,14/03/2018 09:28,0,2.55.179.17,100,392,1,14/03/2018 09:28,R_3EmHj8B0gFeb3wJ,,,,,31.5,34.75,anonymous,HE,30,1,2,1,67,17,23,16,14,21,10,6,13,24,20,4,7,2,5,8,15,1,18,11,19,9,3,12,22,25,,16,25,24,8,15,23,11,22,5,7,13,6,2,4,12,20,1,19,18,10,9,3,17,21,14,2,8,2,,,3,,3,2,1
14/03/2018 09:13,14/03/2018 09:33,0,37.26.147.222,100,1200,1,14/03/2018 09:33,R_2lZYn9YCl1dRP9v,,,,,32.06669617,34.76669312,anonymous,HE,30,2,2,1,54,3,13,2,16,10,7,4,5,18,6,1,11,8,14,25,15,21,20,24,23,12,9,19,22,17,,7,13,8,14,15,3,2,10,18,9,1,4,5,16,25,12,11,23,24,21,22,6,19,20,17,2,14,1,"1,5,6",,2,,1,3,1
14/03/2018 09:55,14/03/2018 10:08,0,132.72.209.207,100,739,1,14/03/2018 10:08,R_2fJmZv08C3qVZWO,,,,,31.5,34.75,anonymous,HE,25,2,2,1,42,5,19,1,2,3,20,4,11,7,21,10,8,24,6,22,17,13,23,25,16,15,18,12,14,9,,8,20,5,1,2,19,6,9,3,16,7,10,15,4,25,18,14,23,24,17,22,21,12,13,11,2,21,1,"1,6,7",,3,,2,4,1
14/03/2018 10:39,14/03/2018 10:51,0,89.139.167.253,100,715,1,14/03/2018 10:51,R_Ab1FhLoqup9mQGB,,,,,31.5,34.75,anonymous,HE,35,2,2,1,67,2,25,8,16,10,12,11,9,15,1,3,17,7,6,22,14,4,23,21,24,20,5,18,19,13,1.המרכזי בעמק2.רמבם3.כרמל4.בני ציון5.איכילוב - סוראסקי6.רבין בילינסון7.שיבא8.סורוקה9.שערי צדק10.הדסה11.הלל יפה12.מאיר13.לניאדו14.וולפסון15.אסף הרופא16.אסותא אשדוד17.יוספטל18.פוריה19.רבקה זיו20.נהריה21.מעיני הישועה22.רבין השרון23.קפלן24.נצרת25.ברזילי,,,,,,,,,,,,,,,,,,,,,,,,,,2,8,1,9,"אנחנו עוברים לקיבוץ של בן הזוג שלי. ולכן דירגתי את הבית החולים הקרוב ביותר לקיבוץ שלו במקום הראשון (בגלל שיקולי חינוך וילדים). במקרה זהו בית חולים בינוני, לא יותר מדי מבוקש אך נחשב גם לטוב - העמק. לכן לא היתה לי הרבה התלבטות. בעולם אידיאלי, שבו לא היינו עוברים לקיבוץ הייתי רוצה להיות בשערי צדק. אני חושבת שאינני מייצגת את השיקולים של רוב הסטודנטים שרוצים בית חולים גדול במרכז.",3,,1,3,1
14/03/2018 11:09,14/03/2018 11:18,0,81.218.117.133,100,545,1,14/03/2018 11:18,R_2ZJ3CsqCyG61fjU,,,,,32.06669617,34.76669312,anonymous,HE,30,1,2,1,67,2,9,7,10,15,13,11,3,12,8,4,6,16,1,25,17,18,21,24,19,23,14,22,20,5,1.סורוקה 2.מאיר 3.אסותא אשדוד תאריך הזנה:21/01/2018 לרשימת ההעדפות 1.סורוקה2.מאיר3.אסותא אשדוד4.הדסה5.יוספטל6.רמבם7.שיבא8.וולפסון9.המרכזי בעמק10.אסף הרופא11.בני ציון12.כרמל13.רבין השרון14.רבין בילינסון15.קפלן16.איכילוב - סוראסקי17.מעיני הישועה18.הלל יפה19.שערי צדק20.נהריה21.לניאדו22.נצרת23.ברזילי24.רבקה זיו25.פוריה,,,,,,,,,,,,,,,,,,,,,,,,,,1,16,1,"1,5,6,9",בחרתי למקומות השניים והשלישי בתי חולים שריאלים לקבלה במקומות הללו.,3,,3,1,1
14/03/2018 11:20,14/03/2018 11:42,0,128.139.251.9,100,1305,1,14/03/2018 11:42,R_3EbVvDWE5DblyE6,,,,,31.5,34.75,anonymous,HE,27,2,2,1,67,1,21,2,8,7,5,4,14,10,15,16,3,17,9,25,11,20,13,22,24,23,18,19,12,6,,1,20,8,5,3,4,11,10,7,12,9,2,14,13,25,17,16,22,24,21,23,15,19,18,6,2,9,1,"2,5,9","1. מראש לא דירגתי בתי חולים שרציתי במקומות 2-3 (למשל בילינסון או שיבא) כי אפשר לקבל אותם רק במקום ראשון ולא רציתי ""לבזבז"" מקום ריאלי. 2. בנוסף, ידעתי שברגע שאני שמה את וולפסון במקום השני אני בוודאות אקבל אותו ואין לי שום סיכוי לקבל את המקום הראשון שלי שהיה איכילוב (אבל שמתי אותו במקום הראשון ליתר בטחון)",3,,1,1,1
14/03/2018 12:29,14/03/2018 12:46,0,132.72.237.166,100,1015,1,14/03/2018 12:46,R_3PNoVwye3A83rsS,,,,,31.5,34.75,anonymous,HE,31,1,2,1,67,2,4,1,17,6,8,5,15,12,11,7,16,13,10,23,20,18,25,24,19,22,9,14,21,3,1.רבין בילינסון2.אסותא אשדוד3.יוספטל4.מאיר5.איכילוב - סוראסקי6.שיבא7.אסף הרופא8.קפלן9.רבין השרון10.וולפסון11.שערי צדק12.הדסה13.סורוקה14.רמבם15.בני ציון16.כרמל17.הלל יפה18.מעיני הישועה19.המרכזי בעמק20.לניאדו21.נצרת22.נהריה23.רבקה זיו24.ברזילי25.פוריה,,,,,,,,,,,,,,,,,,,,,,,,,,2,19,1,"3,4,5,6",,3,,2,2,1
14/03/2018 13:55,14/03/2018 14:04,0,84.229.242.215,100,537,1,14/03/2018 14:04,R_0cvMHRyDeMs6pCV,,,,,31.77999878,35.22999573,anonymous,HE,28,1,2,1,67,13,18,7,8,9,11,12,15,14,4,1,16,2,5,22,21,10,25,23,17,20,3,19,24,6,1.רמבם2.בני ציון3.כרמל4.שערי צדק5.סורוקה6.אסותא אשדוד7.רבין בילינסון8.רבין השרון9.מאיר10.המרכזי בעמק11.אסף הרופא12.שיבא13.איכילוב - סוראסקי14.קפלן15.הדסה16.וולפסון17.נצרת18.יוספטל19.מעיני הישועה20.נהריה21.הלל יפה22.רבקה זיו23.פוריה24.לניאדו25.ברזילי,,,,,,,,,,,,,,,,,,,,,,,,,,2,15,2,,,2,,3,2,1
14/03/2018 14:11,14/03/2018 14:17,0,87.69.200.147,100,384,1,14/03/2018 14:17,R_1mIUlMPKTQmdKRX,,,,,30.98719788,34.93139648,anonymous,HE,28,1,2,1,67,3,24,4,9,13,19,18,5,8,23,6,14,11,1,25,7,22,21,17,10,20,16,15,12,2,1.סורוקה2.איכילוב - סוראסקי3.רבין בילינסון4.רמבם5.כרמל6.שיבא7.מאיר8.בני ציון9.הדסה10.שערי צדק11.אסותא אשדוד12.אסף הרופא13.יוספטל14.קפלן15.וולפסון16.המרכזי בעמק17.מעיני הישועה18.רבין השרון19.הלל יפה20.לניאדו21.ברזילי22.נהריה23.נצרת24.פוריה25.רבקה זיו,,,,,,,,,,,,,,,,,,,,,,,,,,2,16,1,"3,5,9",סימון בתי חולים מאוד מבוקשים במקומות 2-6 על מנת להגדיל סיכוי לקבל את מקום ראשון בעל דרגת ביקוש בינונית,3,,2,2,1
14/03/2018 14:23,14/03/2018 14:32,0,77.126.2.184,100,522,1,14/03/2018 14:32,R_2B9ArPQKJ1vwuzV,,,,,32.06669617,34.76669312,anonymous,HE,29,2,5,2,34,1,18,2,5,3,8,9,16,10,15,17,4,13,12,24,7,11,20,23,25,22,14,21,19,6,1.וולפסון2.רבין השרון3.הלל יפה4.אסותא אשדוד5.אסף הרופא6.מאיר7.רבין בילינסון8.איכילוב - סוראסקי9.קפלן10.סורוקה11.שיבא12.כרמל13.בני ציון14.המרכזי בעמק15.רמבם16.ברזילי17.שערי צדק18.הדסה19.מעיני הישועה20.לניאדו21.יוספטל22.נצרת23.פוריה24.נהריה25.רבקה זיו,,,,,,,,,,,,,,,,,,,,,,,,,,2,9,1,"1,4,5,6,7,8",,3,,3,2,1
14/03/2018 10:16,14/03/2018 14:34,0,37.142.171.153,100,15494,1,14/03/2018 14:34,R_3FR7d2CK3DS8zDk,,,,,31.5,34.75,anonymous,HE,30,2,1,2,6,2,20,3,5,9,10,1,13,15,14,4,7,18,11,25,12,23,16,24,21,22,19,6,17,8,,7,5,16,8,21,25,9,4,2,19,10,17,23,15,1,11,3,22,24,18,14,13,12,6,20,2,21,2,,,2,,3,4,1
14/03/2018 14:17,14/03/2018 14:35,0,62.90.131.234,100,1066,1,14/03/2018 14:35,R_2ClwEuRFF3VGz5Q,,,,,32.06669617,34.76669312,anonymous,HE,29,2,2,1,67,3,21,1,11,7,9,4,15,17,14,2,10,5,12,22,19,13,25,23,24,18,6,20,16,8,1.מאיר2.שיבא3.אסף הרופא4.וולפסון5.רמבם6.איכילוב - סוראסקי7.רבין בילינסון8.בני ציון9.כרמל10.הלל יפה11.יוספטל12.מעיני הישועה13.קפלן14.רבין השרון15.המרכזי בעמק16.אסותא אשדוד17.הדסה18.שערי צדק19.סורוקה20.לניאדו21.נהריה22.נצרת23.ברזילי24.רבקה זיו25.פוריה,,,,,,,,,,,,,,,,,,,,,,,,,,2,13,1,"1,5,6,7",,3,,1,2,1
14/03/2018 14:41,14/03/2018 15:01,0,62.90.131.234,100,1201,1,14/03/2018 15:01,R_0xhgqvoC27tF4xH,,,,,32.06669617,34.76669312,anonymous,HE,32,1,2,1,1,2,25,1,6,7,5,3,19,10,20,15,4,16,13,22,12,21,14,23,24,18,17,9,11,8,1.רבין בילינסון2.וולפסון3.אסף הרופא4.הלל יפה5.לניאדו6.מעיני הישועה7.קפלן8.איכילוב - סוראסקי9.סורוקה10.רבין השרון11.ברזילי12.מאיר13.אסותא אשדוד14.שיבא15.רמבם16.בני ציון17.הדסה18.כרמל19.שערי צדק20.המרכזי בעמק21.נצרת22.יוספטל23.נהריה24.פוריה25.רבקה זיו,,,,,,,,,,,,,,,,,,,,,,,,,,2,12,1,"1,5,6,8",,3,,1,1,1
14/03/2018 14:17,14/03/2018 15:05,0,82.81.30.117,100,2860,1,14/03/2018 15:05,R_1r7eSbAv7tJowuG,,,,,32.06669617,34.76669312,anonymous,HE,26,1,5,2,28,9,22,1,14,2,7,3,8,16,4,13,6,17,15,24,5,18,21,23,25,20,11,19,12,10,1.שיבא2.שערי צדק3.וולפסון4.הלל יפה5.איכילוב - סוראסקי6.רבין בילינסון7.מאיר8.הדסה9.רמבם10.אסף הרופא11.רבין השרון12.אסותא אשדוד13.בני ציון14.כרמל15.סורוקה16.קפלן17.המרכזי בעמק18.יוספטל19.מעיני הישועה20.נצרת21.לניאדו22.ברזילי23.נהריה24.פוריה25.רבקה זיו,,,,,,,,,,,,,,,,,,,,,,,,,,1,24,1,"2,3,5,6,8,9",שיניתי קצת את העדיפויות כי רצתי בזוג עם אשתי והעדיפויות שלנו שונות,3,,3,2,1
14/03/2018 14:19,14/03/2018 15:05,0,82.81.30.117,100,2752,1,14/03/2018 15:05,R_UbGJwmXZ5KMYUyB,,,,,32.06669617,34.76669312,anonymous,HE,27,2,5,2,43,4,22,2,14,3,5,1,7,16,6,10,8,15,19,24,11,13,21,23,25,20,9,18,17,12, 1.שיבא2.שערי צדק3.וולפסון4.הלל יפה5.איכילוב - סוראסקי6.רבין בילינסון7.מאיר8.הדסה9.רמבם10.אסף הרופא11.רבין השרון12.אסותא אשדוד13.בני ציון14.כרמל15.סורוקה16.קפלן17.המרכזי בעמק18.יוספטל19.מעיני הישועה20.נצרת21.לניאדו22.ברזילי23.נהריה24.פוריה25.רבקה זיו,,,,,,,,,,,,,,,,,,,,,,,,,,1,24,1,"3,5,6,8",,3,,3,4,1
13/03/2018 20:13,14/03/2018 15:15,0,37.60.47.84,100,68497,1,14/03/2018 15:15,R_BP3KLTi1cQtuoJX,,,,,31.77999878,35.22999573,anonymous,HE,30,1,1,2,40,3,22,1,5,13,2,8,7,6,12,15,4,19,11,25,16,20,23,24,21,18,14,10,17,9,1.אסף הרופא2.רבין השרון3.וולפסון4.קפלן5.מעיני הישועה6.רבין בילינסון7.איכילוב - סוראסקי8.אסותא אשדוד9.שיבא10.סורוקה11.הדסה12.יוספטל13.מאיר14.שערי צדק15.רמבם16.בני ציון17.הלל יפה18.לניאדו19.כרמל20.נהריה21.המרכזי בעמק22.נצרת23.ברזילי24.פוריה25.רבקה זיו,,,,,,,,,,,,,,,,,,,,,,,,,,2,3,1,"1,3,7",,3,,2,2,1
14/03/2018 15:00,14/03/2018 15:21,0,109.66.3.115,100,1239,1,14/03/2018 15:21,R_DMjaywwq41Wb48V,,,,,32.02310181,34.75030518,anonymous,HE,32,1,5,2,1,1,16,2,7,4,5,3,13,10,12,9,6,19,15,25,8,20,21,24,23,22,18,17,14,11,1.איכילוב - סוראסקי2.מאיר3.וולפסון4.שערי צדק5.סורוקה6.הדסה7.רמבם8.המרכזי בעמק9.כרמל10.שיבא11.רבין בילינסון12.הלל יפה13.נצרת14.ברזילי15.אסף הרופא16.קפלן17.בני ציון18.נהריה19.רבין השרון20.אסותא אשדוד21.לניאדו22.יוספטל23.מעיני הישועה24.פוריה25.רבקה זיו,1,19,10,20,2,12,11,6,23,4,7,3,15,5,25,16,8,13,24,14,17,9,22,18,21,2,5,1,"4,5,6,8",,3,,1,4,1
14/03/2018 15:26,14/03/2018 15:31,0,79.183.61.108,100,314,1,14/03/2018 15:32,R_1LTO8VksK9fTZwg,,,,,32.06669617,34.76669312,anonymous,HE,30,2,5,1,34,1,25,9,5,7,3,8,23,4,22,13,2,12,21,19,10,16,17,20,24,18,14,15,11,6,2.אסף הרופא3.קפלן4.רבין השרון5.אסותא אשדוד6.הלל יפה7.מאיר8.שיבא9.איכילוב - סוראסקי10.רבין בילינסון11.לניאדו12.מעיני הישועה13.כרמל14.רמבם15.ברזילי16.סורוקה17.בני ציון18.המרכזי בעמק19.יוספטל20.שערי צדק21.הדסה22.נצרת23.נהריה24.פוריה25.רבקה זיו,,,,,,,,,,,,,,,,,,,,,,,,,,2,9,1,"3,6,7",,3,,3,2,1
14/03/2018 15:42,14/03/2018 15:53,0,80.179.96.90,100,671,1,14/03/2018 15:53,R_3Mmn3WLysEHjOdJ,,,,,32.81559753,34.98919678,anonymous,HE,30,1,5,1,54,1,20,2,7,4,3,9,10,6,11,12,8,13,16,25,17,15,18,24,22,23,14,21,19,5, 1.רבין בילינסון2.אסף הרופא3.וולפסון4.רבין השרון5.אסותא אשדוד6.איכילוב - סוראסקי7.מאיר8.קפלן9.הלל יפה10.לניאדו11.יוספטל12.רמבם13.בני ציון14.כרמל15.שיבא16.הדסה17.שערי צדק18.סורוקה19.מעיני הישועה20.המרכזי בעמק21.ברזילי22.נצרת23.נהריה24.פוריה25.רבקה זיו,,,,,,,,,,,,,,,,,,,,,,,,,,2,5,1,"1,4,5,6",,3,,2,3,1
14/03/2018 15:50,14/03/2018 16:00,0,77.127.58.205,100,571,1,14/03/2018 16:00,R_ukQLADPfCij06GJ,,,,,32.06669617,34.76669312,anonymous,HE,27,2,5,2,33,4,19,1,2,9,5,3,11,8,12,14,7,15,18,24,13,20,21,23,25,22,16,10,17,6,,7,20,6,1,9,2,8,10,4,11,12,3,13,15,25,16,17,22,24,21,23,14,18,19,5,2,20,1,"1,3,5,6,7,8",,3,,2,2,1
14/03/2018 15:55,14/03/2018 16:03,0,84.109.137.155,100,442,1,14/03/2018 16:03,R_2f8lBKXxAJhGG0R,,,,,31.77999878,35.22999573,anonymous,HE,24,2,4,1,45,11,13,16,18,14,15,10,8,7,9,1,17,2,4,21,20,19,12,22,23,5,3,24,25,6,,,,,,,,,,,,,,,,,,,,,,,,,,,1,16,1,"1,2,3,5,7,8",,3,,1,3,1
14/03/2018 16:05,14/03/2018 16:12,0,132.64.29.75,100,470,1,14/03/2018 16:12,R_1K89zItxcn4J3qF,,,,,31.77999878,35.22999573,anonymous,HE,32,1,4,1,45,7,23,3,4,6,10,2,1,12,5,17,13,18,8,24,15,16,20,22,25,21,19,11,14,9, 1.הדסה2.שערי צדק3.קפלן4.שיבא5.רבין השרון6.מאיר7.רבין בילינסון8.איכילוב - סוראסקי9.מעיני הישועה10.אסף הרופא11.וולפסון12.סורוקה13.אסותא אשדוד14.הלל יפה15.רמבם16.כרמל17.בני ציון18.המרכזי בעמק19.לניאדו20.יוספטל21.נצרת22.ברזילי23.נהריה24.פוריה25.רבקה זיו,,,,,,,,,,,,,,,,,,,,,,,,,,2,6,1,"1,4,5,6,8",,3,,1,2,1
14/03/2018 15:53,14/03/2018 16:14,0,2.53.172.160,100,1229,1,14/03/2018 16:14,R_1LItOn6jwUQSpGe,,,,,32.06669617,34.76669312,anonymous,HE,25,2,4,1,45,16,20,2,7,11,9,6,3,8,1,12,10,15,4,24,19,14,23,25,21,22,13,18,17,5,1.שערי צדק2.הדסה3.וולפסון4.אסף הרופא5.קפלן6.אסותא אשדוד7.רבין השרון8.מאיר9.רבין בילינסון10.סורוקה11.איכילוב - סוראסקי12.שיבא13.רמבם14.יוספטל15.כרמל16.בני ציון17.המרכזי בעמק18.הלל יפה19.מעיני הישועה20.לניאדו21.נצרת22.ברזילי23.נהריה24.פוריה25.רבקה זיו,17,18,25,23,12,4,20,2,5,1,9,3,6,14,8,11,24,22,16,7,19,21,15,13,10,2,24,1,"1,3,4,5,6,8",,3,,1,2,1
14/03/2018 16:07,14/03/2018 16:16,0,79.181.149.175,100,530,1,14/03/2018 16:16,R_u34FxwZ947ikJ6p,,,,,32.06669617,34.76669312,anonymous,HE,28,2,5,2,34,20,23,11,12,10,6,8,15,5,19,3,9,1,14,25,13,17,16,24,22,4,2,21,18,7,1.בני ציון2.כרמל3.רמבם4.נהריה5.הלל יפה6.המרכזי בעמק7.קפלן8.אסותא אשדוד9.אסף הרופא10.איכילוב - סוראסקי11.הדסה12.סורוקה13.וולפסון14.לניאדו15.שערי צדק16.שיבא17.רבין בילינסון18.רבין השרון19.מאיר20.יוספטל21.מעיני הישועה22.פוריה23.נצרת24.ברזילי25.רבקה זיו,,,,,,,,,,,,,,,,,,,,,,,,,,2,14,1,8,,2,,2,2,1
14/03/2018 16:18,14/03/2018 16:28,0,2.53.48.240,100,594,1,14/03/2018 16:28,R_1pW2RuGwaUe5HJL,,,,,32.08059692,34.81419373,anonymous,HE,24,2,4,1,45,4,5,1,18,10,13,2,9,16,17,7,14,8,3,24,15,11,23,22,21,20,12,19,25,6,,12,11,1,18,14,6,8,5,16,17,7,3,10,2,24,13,15,25,23,22,20,9,19,21,4,1,14,1,"3,6",,2,,2,2,1
14/03/2018 16:23,14/03/2018 16:30,0,37.142.164.122,100,427,1,14/03/2018 16:30,R_2waWUk2yG9xlu7M,,,,,31.5,34.75,anonymous,HE,35,1,5,1,56,12,17,8,16,4,10,7,21,3,22,9,14,5,11,25,1,15,23,19,24,20,6,18,2,13,,4,23,24,13,16,3,10,20,11,9,19,12,14,21,1,17,15,8,22,25,18,6,7,2,5,2,12,2,,,3,,2,4,1
14/03/2018 16:25,14/03/2018 16:31,0,141.226.174.65,100,373,1,14/03/2018 16:31,R_1fiU2g3ER0i6Q2O,,,,,32.06669617,34.76669312,anonymous,HE,25,2,5,1,34,3,21,1,4,2,22,6,13,19,23,8,17,7,15,25,5,9,18,24,11,16,14,12,10,20,,14,21,2,13,1,7,3,4,25,17,9,18,15,5,11,22,6,20,16,24,12,8,19,23,10,2,13,1,"4,5",,3,,2,2,1
14/03/2018 15:14,14/03/2018 16:32,0,46.19.85.21,100,4679,1,14/03/2018 16:32,R_3PXdYU50ODWJ3BL,,,,,32.06669617,34.76669312,anonymous,HE,30,1,2,1,67,5,23,2,4,3,8,1,14,10,13,15,7,16,9,20,11,18,12,21,24,19,17,22,25,6, 1.שיבא2.אסף הרופא3.וולפסון4.קפלן5.סורוקה6.אסותא אשדוד7.רבין בילינסון8.מאיר9.רבין השרון10.איכילוב - סוראסקי11.הלל יפה12.שערי צדק13.הדסה14.רמבם15.בני ציון16.כרמל17.המרכזי בעמק18.מעיני הישועה19.יוספטל20.ברזילי21.לניאדו22.נצרת23.נהריה24.רבקה זיו25.פוריה,,,,,,,,,,,,,,,,,,,,,,,,,,2,23,1,"1,3,5,6",,3,,2,2,1
14/03/2018 16:29,14/03/2018 16:34,0,77.127.14.121,100,302,1,14/03/2018 16:34,R_2YymuslvR9GqIop,,,,,32.06669617,34.76669312,anonymous,HE,28,1,2,1,67,2,18,1,6,5,8,3,10,16,14,9,11,19,4,25,13,20,22,23,15,24,21,17,12,7,1.רבין בילינסון2.שיבא3.וולפסון4.אסף הרופא5.הלל יפה6.אסותא אשדוד7.לניאדו8.קפלן9.סורוקה10.איכילוב - סוראסקי11.הדסה12.רבין השרון13.שערי צדק14.רמבם15.מאיר16.ברזילי17.מעיני הישועה18.כרמל19.בני ציון20.יוספטל21.נצרת22.המרכזי בעמק23.נהריה24.פוריה25.רבקה זיו,,,,,,,,,,,,,,,,,,,,,,,,,,2,19,1,"1,3,4,5,6,8",,3,,3,2,1
14/03/2018 16:35,14/03/2018 16:42,0,141.226.161.152,100,452,1,14/03/2018 16:42,R_2xFatH1gJoKrTg5,,,,,32.06669617,34.76669312,anonymous,HE,28,1,4,1,1,1,19,3,4,5,7,2,9,8,15,12,6,13,16,25,11,20,22,24,21,23,14,17,18,10,.איכילוב - סוראסקי2.וולפסון3.קפלן4.שיבא5.רבין בילינסון6.מאיר7.אסף הרופא8.רמבם9.כרמל10.סורוקה11.הדסה12.בני ציון13.אסותא אשדוד14.רבין השרון15.שערי צדק16.המרכזי בעמק17.הלל יפה18.לניאדו19.מעיני הישועה20.יוספטל21.נצרת22.ברזילי23.נהריה24.פוריה25.רבקה זיו,,,,,,,,,,,,,,,,,,,,,,,,,,2,21,1,"1,3,5,6,8,9",לא היה מקום אחר לציין אז אכתוב כאן. לא יתכן ש190 איש שמו זיו בעדיפות 1-24 ועדיין המערכת בחרה אותי במקום 25. כמו שיש הבדל בהעדפות 1-3 לשאר כך גם לקבל עדיפות 25-23 שונה מאד מסתם לקבל עדיפות 20. אולי עדיף להתחשב קצת באנשים ולא לתת עדיפות 25.,2,,1,3,1
14/03/2018 16:42,14/03/2018 16:49,0,132.64.171.105,100,434,1,14/03/2018 16:49,R_Y6sPlSC5cgwHZy9,,,,,31.77999878,35.22999573,anonymous,HE,28,1,4,1,45,4,17,1,3,8,9,6,5,10,15,2,13,7,12,23,18,16,25,24,22,20,11,19,21,14,1.הדסה2.רבין השרון3.קפלן4.שערי צדק5.רבין בילינסון6.איכילוב - סוראסקי7.רמבם8.כרמל9.בני ציון10.אסף הרופא11.וולפסון12.מאיר13.שיבא14.אסותא אשדוד15.יוספטל16.סורוקה17.המרכזי בעמק18.הלל יפה19.נצרת20.מעיני הישועה21.לניאדו22.נהריה23.ברזילי24.פוריה25.רבקה זיו,,,,,,,,,,,,,,,,,,,,,,,,,,2,6,1,"1,3,4,5,6,7",,3,,2,2,1
14/03/2018 16:54,14/03/2018 17:07,0,79.176.31.231,100,787,1,14/03/2018 17:07,R_3RjYiztoNSLshhE,,,,,31.5,34.75,anonymous,HE,30,3,2,1,67,1,21,10,7,3,5,9,19,13,12,15,2,17,6,25,11,20,22,24,18,23,14,8,16,4,1.איכילוב - סוראסקי 2.וולפסון 3.מאיר 4.אסותא אשדוד 5.אסף הרופא 6.סורוקה 7.רבין השרון 8.מעיני הישועה 9.שיבא 10.רבין בילינסון 11.הלל יפה 12.שערי צדק 13.קפלן 14.בני ציון 15.רמבם 16.לניאדו 17.כרמל 18.נצרת 19.הדסה 20.המרכזי בעמק 21.יוספטל 22.ברזילי 23.נהריה 24.פוריה 25.רבקה זיו,,,,,,,,,,,,,,,,,,,,,,,,,,2,9,2,,,3,,2,4,1
14/03/2018 17:03,14/03/2018 17:23,0,87.69.40.133,100,1214,1,14/03/2018 17:23,R_beDC78z5nEDGJGx,,,,,32.81559753,34.98919678,anonymous,HE,31,1,5,1,54,16,6,10,22,12,13,11,7,14,17,3,15,2,18,25,4,5,20,23,24,21,1,19,9,8,1.בני ציון2.כרמל3.הלל יפה4.לניאדו5.הדסה6.המרכזי בעמק7.אסותא אשדוד8.יוספטל9.וולפסון10.רבין בילינסון11.רמבם12.מעיני הישועה13.איכילוב - סוראסקי14.שיבא15.אסף הרופא16.מאיר17.סורוקה18.קפלן19.שערי צדק20.ברזילי21.רבין השרון22.נהריה23.נצרת24.פוריה25.רבקה זיו,,,,,,,,,,,,,,,,,,,,,,,,,,2,12,1,"3,6,8",,3,,1,2,1
14/03/2018 17:20,14/03/2018 17:31,0,80.74.107.118,100,644,1,14/03/2018 17:31,R_2cphZ4kyaHfepzw,,,,,31.77999878,35.22999573,anonymous,HE,27,2,4,1,5,2,25,3,8,1,6,12,4,7,11,16,5,17,20,23,14,10,21,22,24,19,18,13,15,9,,8,15,10,5,1,3,6,13,4,12,9,2,11,16,25,19,17,22,24,21,23,18,20,14,7,2,17,1,"1,3,5,6",,2,,2,3,1
14/03/2018 14:25,14/03/2018 18:25,0,80.246.133.137,100,14423,1,14/03/2018 18:25,R_1jUoLtPeEd2oEj7,,,,,32.06669617,34.76669312,anonymous,HE,31,2,2,1,67,1,17,2,7,3,4,5,20,16,21,8,6,10,19,13,15,12,25,14,24,11,9,22,23,18,,1,18,2,6,4,9,5,14,11,17,3,10,7,15,21,16,13,22,23,25,19,8,20,24,12,1,1,1,"2,4,5",,3,,1,1,1
14/03/2018 16:46,14/03/2018 18:30,0,84.229.22.19,100,6269,1,14/03/2018 18:30,R_1pzkWSu89AJZVa1,,,,,32.06669617,34.76669312,anonymous,HE,23,1,4,1,45,1,10,4,9,12,6,3,2,13,17,8,5,16,14,24,18,22,20,21,11,19,15,23,25,7,1.איכילוב - סוראסקי2.הדסה3.וולפסון4.אסף הרופא5.אסותא אשדוד6.שיבא7.רבין השרון8.יוספטל9.מאיר10.קפלן11.רבין בילינסון12.רמבם13.כרמל14.בני ציון15.סורוקה16.שערי צדק17.נצרת18.הלל יפה19.המרכזי בעמק20.מעיני הישועה21.נהריה22.ברזילי23.רבקה זיו24.פוריה25.לניאדו,,,,,,,,,,,,,,,,,,,,,,,,,,2,1,2,,,3,,1,2,1
14/03/2018 18:50,14/03/2018 19:01,0,109.66.0.94,100,648,1,14/03/2018 19:01,R_3nISDjOfZsNn3wF,,,,,32.06669617,34.76669312,anonymous,HE,29,1,4,1,45,18,7,13,21,4,6,14,2,15,1,12,5,11,3,16,19,8,25,9,24,17,10,22,20,23,1.שערי צדק 2.הדסה 3.מאיר 4.וולפסון 5.קפלן 6.איכילוב - סוראסקי 7.רבין בילינסון 8.אסף הרופא 9.שיבא 10.רמבם 11.סורוקה 12.בני ציון 13.כרמל 14.המרכזי בעמק 15.רבין השרון 16.יוספטל 17.אסותא אשדוד 18.נצרת 19.לניאדו 20.הלל יפה 21.מעיני הישועה 22.פוריה 23.נהריה 24.ברזילי 25.רבקה זיו,,,,,,,,,,,,,,,,,,,,,,,,,,2,24,1,"2,3,4,5,8",,3,,3,1,1
14/03/2018 19:15,14/03/2018 19:21,0,70.160.228.139,100,337,1,14/03/2018 19:21,R_3ezydgFgVAwSomZ,,,,,36.85299683,-76.28820038,anonymous,HE,30,1,5,1,1,3,19,1,10,2,4,5,14,11,18,8,17,7,16,25,12,9,15,23,24,21,13,20,22,6,1.רבין בילינסון2.מאיר3.אסף הרופא4.וולפסון5.אסותא אשדוד6.הלל יפה7.רבין השרון8.קפלן9.שיבא10.המרכזי בעמק11.רמבם12.ברזילי13.כרמל14.בני ציון15.סורוקה16.הדסה17.איכילוב - סוראסקי18.יוספטל19.שערי צדק20.מעיני הישועה21.לניאדו22.נהריה23.נצרת24.פוריה25.רבקה זיו,,,,,,,,,,,,,,,,,,,,,,,,,,2,19,1,"1,4,5,8",,3,,2,2,1
14/03/2018 20:11,14/03/2018 20:19,0,84.109.74.135,100,465,1,14/03/2018 20:19,R_YccxNdVQJOmKyNb,,,,,31.77999878,35.22999573,anonymous,HE,26,1,4,1,22,12,24,2,13,5,4,3,10,11,17,6,14,9,1,23,15,19,18,22,25,8,16,21,20,7,1.רבין בילינסון2.הדסה3.אסף הרופא4.אסותא אשדוד5.שערי צדק6.איכילוב - סוראסקי7.רמבם8.שיבא9.סורוקה10.מאיר11.וולפסון12.כרמל13.רבין השרון14.קפלן15.נהריה16.הלל יפה17.בני ציון18.יוספטל19.המרכזי בעמק20.ברזילי21.נצרת22.מעיני הישועה23.פוריה24.רבקה זיו25.לניאדו,,,,,,,,,,,,,,,,,,,,,,,,,,2,19,1,"1,3,6",,3,,3,2,1
14/03/2018 20:07,14/03/2018 20:23,0,84.110.55.103,100,964,1,14/03/2018 20:23,R_206VXmvdyMo5Beh,,,,,32.06669617,34.76669312,anonymous,HE,25,2,4,1,56,16,19,2,15,5,8,3,4,7,13,9,14,12,1,22,10,11,24,21,25,20,18,17,23,6,,7,17,6,14,11,3,9,15,2,19,8,16,10,1,21,5,18,24,23,25,22,13,12,20,4,2,16,1,"2,5",,3,,3,2,1
14/03/2018 20:07,14/03/2018 20:31,0,5.28.147.118,100,1496,1,14/03/2018 20:31,R_27j9eEy6fpThH4v,,,,,32.06669617,34.76669312,anonymous,HE,27,2,4,1,45,3,22,2,12,11,8,6,1,10,7,5,13,14,4,19,15,23,21,24,20,25,17,18,16,9,1.הדסה2.שערי צדק3.סורוקה4.אסף הרופא5.וולפסון6.איכילוב - סוראסקי7.רבין בילינסון8.רמבם9.מאיר10.רבין השרון11.הלל יפה12.אסותא אשדוד13.שיבא14.בני ציון15.כרמל16.לניאדו17.יוספטל18.קפלן19.מעיני הישועה20.המרכזי בעמק21.נצרת22.ברזילי23.נהריה24.פוריה25.רבקה זיו,,,,,,,,,,,,,,,,,,,,,,,,,,2,6,1,"2,3,4,5,6",,3,,1,2,1
14/03/2018 20:58,14/03/2018 21:07,0,77.125.42.114,100,535,1,14/03/2018 21:07,R_DbLcQmungF5e7VT,,,,,32.06669617,34.76669312,anonymous,HE,30,1,4,1,1,1,19,2,4,3,10,6,14,8,15,12,9,7,16,25,11,23,20,24,21,22,13,18,17,5,,1,20,4,5,2,7,6,15,8,17,12,9,13,14,25,10,21,22,24,16,23,11,19,18,3,2,1,1,"3,4,5",,3,,3,4,1
14/03/2018 15:39,14/03/2018 22:30,0,77.138.96.148,100,24646,1,14/03/2018 22:30,R_26lEszMQhhgYzne,,,,,32.79220581,35.53120422,anonymous,HE,30,1,5,2,12,7,20,8,9,6,4,16,15,13,14,1,10,12,3,22,17,5,24,21,25,23,11,19,18,2,1.איכילוב - סוראסקי2.מאיר3.אסף הרופא4.אסותא אשדוד5.וולפסון6.סורוקה7.רמבם8.הדסה9.רבין בילינסון10.שיבא11.המרכזי בעמק12.בני ציון13.שערי צדק14.רבין השרון15.קפלן16.כרמל17.הלל יפה18.יוספטל19.מעיני הישועה20.לניאדו21.פוריה22.נצרת23.רבקה זיו24.נהריה25.ברזילי,,,,,,,,,,,,,,,,,,,,,,,,,,2,17,1,"2,3,5",,2,,1,1,1
14/03/2018 21:55,14/03/2018 22:32,0,109.67.20.61,100,2221,1,14/03/2018 22:32,R_2c5ZQ7TNemV6dWF,,,,,32.06669617,34.76669312,anonymous,HE,29,1,5,2,10,3,25,4,9,6,1,2,16,8,17,15,7,13,19,20,10,11,18,22,24,21,14,23,12,5,,16,22,15,18,10,1,14,5,4,6,8,3,11,7,25,9,13,17,24,19,23,12,20,21,2,2,21,1,"1,3,4,5,6,7,8",,2,,1,2,1
14/03/2018 23:06,14/03/2018 23:12,0,188.120.148.38,100,357,1,14/03/2018 23:12,R_2YnBjo1UHFdwpWF,,,,,32.06669617,34.76669312,anonymous,HE,33,2,1,2,1,1,11,2,7,3,6,4,17,20,19,13,5,15,18,25,9,14,22,23,21,24,16,10,12,8,1.איכילוב - סוראסקי 2.מאיר 3.וולפסון תאריך הזנה:23/01/2018 לרשימת ההעדפות 1.איכילוב - סוראסקי2.מאיר3.וולפסון4.הלל יפה5.רבין בילינסון6.שיבא7.רמבם8.הדסה9.סורוקה10.כרמל11.בני ציון12.שערי צדק13.אסף הרופא14.המרכזי בעמק15.רבין השרון16.קפלן17.אסותא אשדוד18.מעיני הישועה19.יוספטל20.לניאדו21.נצרת22.ברזילי23.נהריה24.פוריה25.רבקה זיו,,,,,,,,,,,,,,,,,,,,,,,,,,2,13,1,"1,3,5,8",,3,,1,2,1
14/03/2018 23:42,14/03/2018 23:52,0,176.13.236.189,100,618,1,14/03/2018 23:52,R_3MsbYuM64omiKpF,,,,,31.5,34.75,anonymous,HE,29,2,5,2,34,3,22,2,4,7,5,1,11,9,12,14,6,16,20,25,13,21,18,24,19,23,17,10,15,8,1.שיבא2.וולפסון3.אסף הרופא4.רבין השרון5.רבין בילינסון6.איכילוב - סוראסקי7.אסותא אשדוד8.קפלן9.מאיר10.מעיני הישועה11.שערי צדק12.הלל יפה13.הדסה14.לניאדו15.בני ציון16.כרמל17.רמבם18.סורוקה19.המרכזי בעמק20.יוספטל21.ברזילי22.נצרת23.נהריה24.פוריה25.רבקה זיו,,,,,,,,,,,,,,,,,,,,,,,,,,2,17,1,"3,6",,1,קיבלתי את מקום 24 שלי. החלפתי עם מישהי שקיבלה ברזילי והייתה מעוניינת בהחלפה. ברזילי קצת פחות גרוע מפוריה מבחינתי מבחינת מרחק מהבית ולכן החלפתי.,1,1,1
15/03/2018 00:02,15/03/2018 00:13,0,80.74.107.118,100,669,1,15/03/2018 00:13,R_3dLpyiDBXvnzyAh,,,,,31.77999878,35.22999573,anonymous,HE,29,1,4,1,45,7,21,6,11,13,18,9,1,10,2,3,17,4,5,23,14,19,15,20,25,16,8,24,22,12,1.הדסה2.שערי צדק3.איכילוב - סוראסקי4.רבין בילינסון5.שיבא6.רמבם7.כרמל8.סורוקה9.קפלן10.מאיר11.אסף הרופא12.בני ציון13.רבין השרון14.הלל יפה15.אסותא אשדוד16.וולפסון17.לניאדו18.יוספטל19.ברזילי20.נהריה21.המרכזי בעמק22.מעיני הישועה23.נצרת24.פוריה25.רבקה זיו,,,,,,,,,,,,,,,,,,,,,,,,,,2,6,1,"2,3,5",,3,,1,1,1
14/03/2018 16:59,15/03/2018 00:37,0,141.226.217.85,100,27467,1,15/03/2018 00:37,R_4YGXiQ21n90KMsF,,,,,31.5,34.75,anonymous,HE,25,2,5,1,54,4,12,2,10,7,9,5,16,11,18,3,14,1,17,25,13,15,22,24,20,23,6,21,19,8,,12,15,13,9,7,6,14,17,10,18,11,8,1,16,25,4,3,22,24,20,23,2,19,21,5,2,4,1,"1,3,4,5,6",,2,,1,4,1
15/03/2018 07:48,15/03/2018 08:02,0,37.26.147.179,100,842,1,15/03/2018 08:02,R_QbO7Yqmro9m0xO1,,,,,32.06669617,34.76669312,anonymous,HE,29,2,5,2,54,9,16,6,8,1,2,10,5,11,3,7,18,4,19,21,17,13,22,24,25,14,12,23,15,20,,11,18,12,15,2,1,7,6,3,5,13,10,8,17,24,4,14,16,25,21,23,9,20,22,19,2,3,1,"1,5,6",,3,,2,3,1
15/03/2018 09:54,15/03/2018 09:59,0,192.114.91.229,100,328,1,15/03/2018 09:59,R_1OT3P8rB7WaY07Q,,,,,31.77999878,35.22999573,anonymous,HE,24,2,4,1,18,15,20,18,9,12,11,13,16,10,17,1,14,3,7,24,6,5,25,23,19,4,2,22,21,8,1.בני ציון 2.כרמל 3.המרכזי בעמק 1.בני ציון2.כרמל3.המרכזי בעמק4.איכילוב - סוראסקי5.רבין בילינסון6.שיבא7.רמבם8.הדסה9.נהריה10.סורוקה11.מאיר12.שערי צדק13.קפלן14.אסף הרופא15.רבין השרון16.אסותא אשדוד17.הלל יפה18.וולפסון19.יוספטל20.נצרת21.מעיני הישועה22.לניאדו23.ברזילי24.רבקה זיו25.פוריה,5,13,8,9,11,23,17,12,1,6,20,2,24,10,19,22,25,21,18,16,4,15,14,7,3,2,4,1,"1,2,4,5,7,8",,3,,3,2,1
15/03/2018 07:07,15/03/2018 10:46,0,2.53.152.213,100,13091,1,15/03/2018 10:46,R_3R7mRXx3vlTpEYS,,,,,32.06669617,34.76669312,anonymous,HE,26,2,2,1,61,10,25,1,12,2,4,13,11,6,5,7,16,15,8,23,19,9,20,22,21,24,14,17,18,3, 1.רבין בילינסון 2.מאיר 3.אסף הרופא 4.אסותא אשדוד 5.וולפסון 6.קפלן 7.שערי צדק 8.איכילוב - סוראסקי 9.שיבא 10.רבין השרון 11.הדסה 12.סורוקה 13.הלל יפה 14.המרכזי בעמק 15.יוספטל 16.רמבם 17.בני ציון 18.כרמל 19.מעיני הישועה 20.לניאדו 21.ברזילי 22.נצרת 23.נהריה 24.רבקה זיו 25.פוריה,7,9,22,12,14,8,1,19,23,21,3,24,18,16,4,25,17,15,20,10,11,5,2,13,6,2,5,1,"3,4,5,6,8",,2,,1,3,1
15/03/2018 11:19,15/03/2018 12:01,0,81.218.106.146,100,2502,1,15/03/2018 12:01,R_3HO0XBH9no8cnpT,,,,,32.96560669,35.50050354,anonymous,HE,32,1,5,2,21,23,24,14,20,12,15,13,8,16,7,1,17,3,11,4,21,2,22,6,25,5,10,19,18,9,1.המרכזי בעמק2.רמבם3.נהריה4.כרמל5.פוריה6.רבקה זיו7.בני ציון8.שערי צדק9.הדסה10.שיבא11.מאיר12.מעיני הישועה13.אסותא אשדוד14.רבין בילינסון15.לניאדו16.הלל יפה17.רבין השרון18.סורוקה19.קפלן20.וולפסון21.אסף הרופא22.ברזילי23.יוספטל24.איכילוב - סוראסקי25.נצרת,,,,,,,,,,,,,,,,,,,,,,,,,,2,14,1,"1,5,7,8",,1,מה שקיבלתי לא שוה את מאמץ הנסיעה,1,3,1
14/03/2018 23:31,17/03/2018 22:18,0,46.117.40.169,100,254789,1,17/03/2018 22:18,R_3scXbl18MhFDLi4,,,,,31.5,34.75,anonymous,HE,29,2,2,1,67,6,18,2,7,11,8,5,13,4,10,14,9,15,1,24,12,22,20,25,19,23,16,21,17,3,1.סורוקה2.אסותא אשדוד3.קפלן4.רבין בילינסון5.איכילוב - סוראסקי6.אסף הרופא7.שיבא8.הדסה9.שערי צדק10.יוספטל11.רבין השרון12.מאיר13.וולפסון14.הלל יפה15.לניאדו16.מעיני הישועה17.רמבם18.כרמל19.בני ציון20.נצרת21.ברזילי22.המרכזי בעמק23.רבקה זיו24.נהריה25.פוריה,,,,,,,,,,,,,,,,,,,,,,,,,,2,16,1,"1,2,4,5,8",,3,,1,3,1
17/03/2018 08:39,17/03/2018 22:36,0,80.179.96.90,100,50235,1,17/03/2018 22:36,R_RUJrkTbYd3NZHrz,,,,,32.81559753,34.98919678,anonymous,HE,29,1,5,2,34,2,13,1,5,4,10,12,17,18,16,3,11,6,14,24,15,8,21,23,25,22,7,19,20,9,,6,21,1,2,5,3,9,16,14,15,7,4,11,17,25,10,13,22,24,20,23,12,18,19,8,2,20,1,"1,3,8,9","המקום הראשון היה בית החולים שהכי רציתי, ואחריו במקומות 2 עד 4 שמתי בתי חולים שלפי שנים קודמות הייתה אפשרות מסוימת לקבל אותם...",3,,1,3,1
18/03/2018 01:54,18/03/2018 02:05,0,141.226.123.212,100,642,1,18/03/2018 02:05,R_2dgqP3fHHvgjDAv,,,,,32.81559753,34.98919678,anonymous,HE,32,1,4,1,45,1,15,2,6,3,7,4,8,13,9,10,5,11,16,25,18,19,22,23,20,24,12,17,21,14,,11,14,9,7,8,4,12,3,5,1,13,2,15,10,24,18,17,22,25,21,23,16,19,20,6,2,24,1,"1,3,4,5,6,7",,3,,1,1,1
18/03/2018 08:25,18/03/2018 08:37,0,37.26.147.255,100,729,1,18/03/2018 08:37,R_22Yy8QngihPfTBv,,,,,32.06669617,34.76669312,anonymous,HE,31,2,3,1,54,6,21,7,8,10,19,17,11,12,14,3,15,2,13,24,4,5,23,25,16,20,1,18,22,9,1.בני ציון2.כרמל3.רמבם4.המרכזי בעמק5.איכילוב - סוראסקי6.רבין בילינסון7.הלל יפה8.קפלן9.מאיר10.שיבא11.הדסה12.סורוקה13.מעיני הישועה14.אסותא אשדוד15.שערי צדק16.רבין השרון17.אסף הרופא18.וולפסון19.יוספטל20.נצרת21.לניאדו22.נהריה23.ברזילי24.פוריה25.רבקה זיו,13,19,12,3,5,14,2,1,23,22,15,10,20,18,16,6,7,17,8,11,9,21,25,4,24,2,4,1,"2,3,5,8",,3,,3,2,1
18/03/2018 08:45,18/03/2018 08:53,0,46.116.105.138,100,497,1,18/03/2018 08:53,R_vJ3UUjLEuhL8sRb,,,,,32.06669617,34.76669312,anonymous,HE,27,1,3,1,54,9,14,7,21,10,15,6,23,17,24,2,11,4,8,25,3,1,22,18,16,19,5,13,20,12,1.המרכזי בעמק2.בני ציון3.רמבם4.הלל יפה5.פוריה6.סורוקה7.אסותא אשדוד8.שיבא9.כרמל10.איכילוב - סוראסקי11.וולפסון12.מאיר13.הדסה14.אסף הרופא15.רבין בילינסון16.קפלן17.רבין השרון18.ברזילי19.שערי צדק20.נצרת21.נהריה22.מעיני הישועה23.רבקה זיו24.יוספטל25.לניאדו,,,,,,,,,,,,,,,,,,,,,,,,,,2,17,1,6,,3,,1,2,1
18/03/2018 08:58,18/03/2018 09:05,0,82.81.213.233,100,431,1,18/03/2018 09:05,R_1LzgvA2WwAKiH6W,,,,,32.06669617,34.76669312,anonymous,HE,28,1,3,1,54,2,21,1,5,4,10,3,16,11,17,6,15,9,14,25,12,13,23,24,19,20,7,18,22,8,,10,21,1,4,2,13,12,14,16,18,6,3,17,15,25,5,7,19,24,20,22,8,11,23,9,2,19,1,"1,3,5,6,8",,3,,1,2,1
18/03/2018 09:00,18/03/2018 09:11,0,80.246.139.152,100,653,1,18/03/2018 09:11,R_27Bez1IyMzyZCJv,,,,,31.5,34.75,anonymous,HE,32,1,3,1,53,12,25,17,18,9,16,14,11,13,10,1,15,3,20,7,8,2,23,5,22,6,4,24,19,21,1.רמבם2.איכילוב - סוראסקי3.רבין בילינסון4.מאיר5.המרכזי בעמק6.כרמל7.בני ציון8.קפלן9.שיבא10.וולפסון11.אסף הרופא12.סורוקה13.רבין השרון14.שערי צדק15.לניאדו16.הלל יפה17.אסותא אשדוד18.הדסה19.נהריה20.ברזילי21.יוספטל22.פוריה23.נצרת24.רבקה זיו25.מעיני הישועה,15,18,6,19,1,20,25,3,10,9,5,8,21,16,7,11,2,17,12,22,13,24,4,14,23,2,22,1,"2,3,5",,3,,3,2,1
18/03/2018 10:00,18/03/2018 10:06,0,91.227.71.250,100,356,1,18/03/2018 10:06,R_9shasPuPB2TeZEZ,,,,,32.81559753,34.98919678,anonymous,HE,28,2,3,1,50,13,22,11,19,2,15,14,7,18,8,3,16,4,9,21,6,1,23,10,25,20,5,17,24,12,1.המרכזי בעמק2.הלל יפה3.רמבם4.בני ציון5.כרמל6.רבין בילינסון7.שיבא8.סורוקה9.איכילוב - סוראסקי10.אסותא אשדוד11.אסף הרופא12.וולפסון13.הדסה14.שערי צדק15.קפלן16.רבין השרון17.יוספטל18.לניאדו19.מאיר20.מעיני הישועה21.נצרת22.פוריה23.נהריה24.ברזילי25.רבקה זיו,,,,,,,,,,,,,,,,,,,,,,,,,,2,7,1,"1,4,6,8",,3,,1,3,1
14/03/2018 15:02,18/03/2018 11:48,0,37.46.38.93,100,334000,1,18/03/2018 11:48,R_7TB5UVegNWbdIml,,,,,32.06669617,34.76669312,anonymous,HE,28,2,2,1,67,1,20,3,16,4,5,2,11,14,13,9,8,10,6,25,12,23,15,24,21,22,17,19,18,7,1.איכילוב - סוראסקי2.אסף הרופא3.וולפסון4.אסותא אשדוד5.סורוקה6.רבין בילינסון7.שיבא8.מאיר9.הדסה10.הלל יפה11.שערי צדק12.קפלן13.רמבם14.כרמל15.המרכזי בעמק16.רבין השרון17.בני ציון18.יוספטל19.נצרת20.מעיני הישועה21.לניאדו22.ברזילי23.נהריה24.פוריה25.רבקה זיו,,,,,,,,,,,,,,,,,,,,,,,,,,2,3,1,"1,3,5,6",,3,,2,3,1
18/03/2018 12:32,18/03/2018 12:41,0,132.72.63.218,100,490,1,18/03/2018 12:41,R_1BYgJdEdEd5iOKX,,,,,32.06669617,34.76669312,anonymous,HE,26,2,2,1,22,6,18,1,4,2,3,5,11,7,12,16,9,19,10,24,15,17,22,25,21,23,20,13,14,8,1.מאיר2.רבין השרון3.וולפסון4.איכילוב - סוראסקי5.רבין בילינסון6.מעיני הישועה7.שיבא8.אסף הרופא9.רמבם10.אסותא אשדוד11.יוספטל12.קפלן13.סורוקה14.הדסה15.שערי צדק16.הלל יפה17.בני ציון18.כרמל19.לניאדו20.המרכזי בעמק21.נצרת22.ברזילי23.נהריה24.פוריה25.רבקה זיו,,,,,,,,,,,,,,,,,,,,,,,,,,2,13,1,"1,3,4,5,6,7",,3,,1,3,1
18/03/2018 12:33,18/03/2018 13:09,0,37.26.147.147,100,2139,1,18/03/2018 13:09,R_2R4jwS1xm26KURD,,,,,31.5,34.75,anonymous,HE,28,2,5,2,1,3,23,1,6,4,5,2,13,10,15,12,7,14,17,25,8,20,19,24,22,21,16,18,9,11,1.רבין בילינסון2.שיבא3.אסף הרופא4.רבין השרון5.וולפסון6.הלל יפה7.קפלן8.לניאדו9.אסותא אשדוד10.מעיני הישועה11.המרכזי בעמק12.שערי צדק13.סורוקה14.כרמל15.הדסה16.בני ציון17.רמבם18.מאיר19.איכילוב - סוראסקי20.יוספטל21.נהריה22.ברזילי23.נצרת24.פוריה25.רבקה זיו,,,,,,,,,,,,,,,,,,,,,,,,,,2,14,1,"2,3,8",,2,,1,2,1
18/03/2018 13:01,18/03/2018 13:15,0,2.53.157.109,100,814,1,18/03/2018 13:15,R_2axKAxJaL3DPPUa,,,,,32.06669617,34.76669312,anonymous,HE,26,2,4,1,45,2,23,13,12,18,10,3,1,9,8,6,4,7,5,25,19,15,21,24,17,20,16,22,14,11,1.הדסה2.סורוקה3.שערי צדק4.קפלן5.הלל יפה6.אסותא אשדוד7.שיבא8.וולפסון9.אסף הרופא10.איכילוב - סוראסקי11.רבין בילינסון12.רמבם13.כרמל14.בני ציון15.המרכזי בעמק16.רבין השרון17.מאיר18.יוספטל19.לניאדו20.נצרת21.מעיני הישועה22.ברזילי23.נהריה24.רבקה זיו25.פוריה,22,9,17,24,7,4,18,23,19,6,8,1,2,12,16,11,13,14,10,20,25,15,3,5,21,2,6,1,"1,3,4,5",,3,,3,2,1
18/03/2018 14:16,18/03/2018 14:36,0,46.19.85.26,100,1159,1,18/03/2018 14:36,R_12RxOLkpXaADgqi,,,,,32.06669617,34.76669312,anonymous,HE,31,1,2,3,1,4,25,1,2,3,8,5,13,9,16,15,6,18,11,24,14,20,21,23,17,22,19,12,10,7,1.רבין השרון2.וולפסון3.אסותא אשדוד4.מעיני הישועה5.רבין בילינסון6.מאיר7.איכילוב - סוראסקי8.אסף הרופא9.סורוקה10.קפלן11.שיבא12.לניאדו13.שערי צדק14.כרמל15.הלל יפה16.בני ציון17.המרכזי בעמק18.יוספטל19.רמבם20.ברזילי21.נצרת22.הדסה23.נהריה24.רבקה זיו25.פוריה,,,,,,,,,,,,,,,,,,,,,,,,,,2,20,1,"6,7,8",,3,,3,2,1
18/03/2018 14:51,18/03/2018 14:58,0,192.138.178.134,100,472,1,18/03/2018 14:58,R_2U90e2Tqtkulg0I,,,,,41.83790588,-71.39320374,anonymous,HE,29,1,3,1,54,1,17,2,18,7,8,3,9,14,10,4,13,5,15,25,12,16,22,23,24,21,6,19,20,11,1.שיבא2.אסף הרופא3.וולפסון4.הלל יפה5.שערי צדק6.איכילוב - סוראסקי7.רבין בילינסון8.רמבם9.מאיר10.הדסה11.כרמל12.בני ציון13.אסותא אשדוד14.המרכזי בעמק15.רבין השרון16.קפלן17.סורוקה18.יוספטל19.מעיני הישועה20.לניאדו21.נצרת22.נהריה23.ברזילי24.פוריה25.רבקה זיו,,,,,,,,,,,,,,,,,,,,,,,,,,2,17,1,"1,5,6,7",,2,,1,2,1
18/03/2018 16:31,18/03/2018 16:39,0,5.102.254.196,100,461,1,18/03/2018 16:39,R_2WJeenW3EPoFtya,,,,,32.06669617,34.76669312,anonymous,HE,35,2,3,1,18,7,25,8,9,15,12,13,16,17,18,3,14,1,20,21,4,6,23,11,22,5,2,24,19,10,1.כרמל2.בני ציון3.הלל יפה4.רמבם5.המרכזי בעמק6.נהריה7.איכילוב - סוראסקי8.אסותא אשדוד9.רבין בילינסון10.רבין השרון11.שיבא12.מאיר13.וולפסון14.אסף הרופא15.שערי צדק16.הדסה17.קפלן18.נצרת19.לניאדו20.מעיני הישועה21.סורוקה22.פוריה23.ברזילי24.רבקה זיו25.יוספטל,,,,,,,,,,,,,,,,,,,,,,,,,,2,14,1,"2,4,5,8",,3,,1,3,1
18/03/2018 16:45,18/03/2018 16:57,0,77.125.7.55,100,699,1,18/03/2018 16:57,R_2Bmt0FObIBZGOHJ,,,,,32.06669617,34.76669312,anonymous,HE,28,2,3,1,54,9,24,7,8,5,10,11,13,17,14,3,18,1,12,25,2,6,23,16,19,15,4,21,20,22,,6,18,7,17,12,8,9,11,16,13,3,15,1,10,25,4,5,23,24,21,22,2,19,20,14,2,14,1,"2,3,5,6,8",,2,,1,1,1
18/03/2018 18:15,18/03/2018 18:41,0,84.229.14.227,100,1596,1,18/03/2018 18:41,R_31crVwH2ZW4gGuY,,,,,31.5,34.75,anonymous,HE,27,1,3,1,54,7,22,2,3,9,10,4,17,15,16,1,11,5,6,24,12,14,20,23,25,18,8,21,19,13,2.רבין השרון3.הלל יפה4.וולפסון5.כרמל6.שיבא7.בני ציון8.סורוקה9.איכילוב - סוראסקי10.רבין בילינסון11.מאיר12.אסותא אשדוד13.קפלן14.אסף הרופא15.שערי צדק16.הדסה17.יוספטל18.המרכזי בעמק19.מעיני הישועה20.לניאדו21.נהריה22.נצרת23.ברזילי24.פוריה25.רבקה זיו,,,,,,,,,,,,,,,,,,,,,,,,,,2,7,1,"1,3,5,6,8",,3,,3,2,1
18/03/2018 19:22,18/03/2018 19:29,0,77.126.38.25,100,461,1,18/03/2018 19:29,R_vBt3fRLLVnu1u93,,,,,32.165802,34.83670044,anonymous,HE,25,1,3,1,54,7,12,9,13,8,14,6,11,19,15,1,18,3,16,21,5,4,23,22,20,10,2,25,24,17,1.בני ציון2.רמבם3.כרמל4.המרכזי בעמק5.הלל יפה6.איכילוב - סוראסקי7.שיבא8.רבין בילינסון9.רבין השרון10.אסף הרופא11.נהריה12.וולפסון13.מאיר14.הדסה15.סורוקה16.יוספטל17.שערי צדק18.קפלן19.נצרת20.רבקה זיו21.אסותא אשדוד22.פוריה23.ברזילי24.לניאדו25.מעיני הישועה,,,,,,,,,,,,,,,,,,,,,,,,,,2,4,1,7,,3,,1,2,1
18/03/2018 20:27,18/03/2018 20:38,0,79.176.88.120,100,652,1,18/03/2018 20:38,R_3M0asznBDb3Z0NA,,,,,32.06669617,34.76669312,anonymous,HE,32,1,4,1,45,3,25,1,14,15,5,20,2,13,4,9,16,10,19,8,7,6,24,21,22,17,11,23,18,12,1.הדסה2.שערי צדק3.אסף הרופא4.רבין בילינסון5.איכילוב - סוראסקי6.המרכזי בעמק7.רמבם8.אסותא אשדוד9.שיבא10.כרמל11.מאיר12.בני ציון13.קפלן14.רבין השרון15.וולפסון16.סורוקה17.הלל יפה18.מעיני הישועה19.לניאדו20.יוספטל21.נהריה22.רבקה זיו23.ברזילי24.פוריה25.נצרת,,,,,,,,,,,,,,,,,,,,,,,,,,2,6,1,"1,5,6,7,8,9",דירגתי רק את חמשת המקומות הראשונים שלי ואת חמשת בי החולים הפחות מבוקשים ובכל השאר לא השקעתי מחשבה,3,,1,2,1
18/03/2018 21:55,18/03/2018 22:01,0,185.46.76.7,100,384,1,18/03/2018 22:01,R_2y331DDmeGd1kDe,,,,,32.06669617,34.76669312,anonymous,HE,29,1,3,1,54,1,17,2,6,7,8,5,15,12,14,3,16,9,4,25,10,18,24,23,22,19,13,20,21,11,1.רמבם2.אסף הרופא3.הלל יפה4.אסותא אשדוד5.סורוקה6.המרכזי בעמק7.קפלן8.כרמל9.מאיר10.בני ציון11.יוספטל12.נהריה13.שיבא14.וולפסון15.רבין השרון16.הדסה17.שערי צדק18.רבין בילינסון19.איכילוב - סוראסקי20.מעיני הישועה21.נצרת22.לניאדו23.ברזילי24.פוריה25.רבקה זיו,,,,,,,,,,,,,,,,,,,,,,,,,,2,7,1,"1,5,6,7,8",,2,,1,2,1
18/03/2018 22:29,18/03/2018 23:08,0,176.13.231.120,100,2336,1,18/03/2018 23:08,R_6marCstWL5OBlZL,,,,,31.5,34.75,anonymous,HE,29,2,3,1,54,10,15,1,12,3,4,2,21,17,22,5,14,7,16,25,9,11,18,24,23,13,8,19,20,6,רבין בילינסון2.שיבא3.הלל יפה4.איכילוב - סוראסקי5.רמבם6.כרמל7.מאיר8.אסף הרופא9.בני ציון10.המרכזי בעמק11.אסותא אשדוד12.סורוקה13.הדסה14.יוספטל15.רבין השרון16.וולפסון17.קפלן18.שערי צדק19.מעיני הישועה20.לניאדו21.נצרת22.נהריה23.ברזילי24.פוריה25.רבקה זיו,7,18,24,1,16,8,6,10,23,13,15,17,20,12,2,21,5,25,3,19,22,14,4,9,11,2,7,1,"1,3,4,5,8",,2,,1,3,1
19/03/2018 00:37,19/03/2018 00:43,0,164.215.23.68,100,348,1,19/03/2018 00:43,R_DbLk1QVwFmZuxDb,,,,,35.16670227,33.36669922,anonymous,HE,31,1,2,1,1,2,14,1,5,4,8,3,20,9,10,15,7,17,13,25,12,16,21,23,22,24,11,18,19,6,1.רבין השרון2.שיבא3.אסותא אשדוד4.קפלן5.וולפסון6.אסף הרופא7.מאיר8.רבין בילינסון9.איכילוב - סוראסקי10.סורוקה11.לניאדו12.הלל יפה13.רמבם14.הדסה15.שערי צדק16.המרכזי בעמק17.בני ציון18.יוספטל19.מעיני הישועה20.ברזילי21.כרמל22.נצרת23.נהריה24.פוריה25.רבקה זיו,,,,,,,,,,,,,,,,,,,,,,,,,,2,20,1,"1,5,6,7",,3,,1,1,1
19/03/2018 09:04,19/03/2018 09:07,0,81.218.179.156,100,226,1,19/03/2018 09:08,R_3RyEVOFsjTZ4qxI,,,,,31.5,34.75,anonymous,HE,28,1,3,1,18,4,16,14,17,6,13,3,5,15,24,1,11,21,7,23,9,22,20,12,18,19,2,25,10,8,1.רמבם2.בני ציון3.כרמל4.הלל יפה5.איכילוב - סוראסקי6.רבין בילינסון7.מאיר8.שיבא9.רבין השרון10.הדסה11.המרכזי בעמק12.קפלן13.סורוקה14.שערי צדק15.מעיני הישועה16.אסף הרופא17.אסותא אשדוד18.יוספטל19.וולפסון20.לניאדו21.נצרת22.נהריה23.ברזילי24.פוריה25.רבקה זיו,,,,,,,,,,,,,,,,,,,,,,,,,,1,22,1,1,,3,,2,4,1
19/03/2018 09:02,19/03/2018 09:10,0,81.218.179.156,100,473,1,19/03/2018 09:10,R_1laxG1QiU58WLze,,,,,31.5,34.75,anonymous,HE,30,2,3,3,54,5,10,9,8,22,11,23,21,25,24,4,14,1,15,18,3,6,12,13,17,7,2,16,20,19,כרמל2.בני ציון3.הלל יפה4.המרכזי בעמק5.נהריה6.רמבם7.איכילוב - סוראסקי8.אסף הרופא9.מאיר10.רבין בילינסון11.שיבא12.רבין השרון13.וולפסון14.לניאדו15.פוריה16.נצרת17.רבקה זיו18.סורוקה19.קפלן20.ברזילי21.שערי צדק22.הדסה23.מעיני הישועה24.אסותא אשדוד25.יוספטל,,,,,,,,,,,,,,,,,,,,,,,,,,2,11,2,9,PHD,3,,1,4,1
19/03/2018 09:10,19/03/2018 09:20,0,2.55.58.33,100,591,1,19/03/2018 09:20,R_21ynBC3mxqamEol,,,,,31.5,34.75,anonymous,HE,29,1,3,1,54,3,20,2,6,1,4,12,15,13,16,5,7,9,17,25,8,14,21,24,22,23,10,19,18,11,,13,20,11,6,1,2,17,14,3,15,8,7,9,16,25,4,10,22,24,21,23,12,19,18,5,1,13,1,"4,8,9","דאגתי שבמקום הראשון יהיה מה שאני באמת רוצה, ובמקומות 2-4 בתי חולים שיש סיכוי לקבל במקומות אלה",3,,3,2,1
18/03/2018 19:12,19/03/2018 15:01,0,141.226.180.26,100,71378,1,19/03/2018 15:01,R_3NJ4hPPlNCPgycY,,,,,32.06669617,34.76669312,anonymous,HE,29,2,3,1,54,1,19,2,16,3,4,7,14,15,17,5,8,6,11,25,9,13,22,24,23,18,12,20,21,10, 1.איכילוב - סוראסקי2.מאיר3.הלל יפה4.רבין בילינסון5.שיבא6.רמבם7.כרמל8.הדסה9.אסף הרופא10.סורוקה11.בני ציון12.וולפסון13.שערי צדק14.אסותא אשדוד15.המרכזי בעמק16.יוספטל17.קפלן18.רבין השרון19.מעיני הישועה20.נצרת21.לניאדו22.נהריה23.ברזילי24.פוריה25.רבקה זיו,,,,,,,,,,,,,,,,,,,,,,,,,,2,7,1,"1,3,5,6,8,9","בחרתי רק בית חולים מבוקש (שנסגר במקום 1) אחד בידיעה שלא אקבל אותו ו""אבזבז העדפה"" אם אשים אותו במקום שני",2,,1,3,1
19/03/2018 16:35,19/03/2018 16:52,0,31.154.81.54,100,1069,1,19/03/2018 16:53,R_3flp6jFzHXZWldH,,,,,32.06669617,34.76669312,anonymous,HE,29,1,3,1,54,2,22,1,16,4,7,5,12,17,11,3,13,8,10,23,15,21,20,24,25,19,9,14,18,6,,5,11,6,14,10,3,7,16,18,15,1,21,8,12,24,4,20,19,25,23,17,9,13,22,2,2,22,1,9,נאלצתי לבחור מתוך בתי החולים שהכי רציתי רק בית חולים אחד ואת היתר נאלצתי לשים במקומות לא ריאליים,3,,1,3,1
18/03/2018 20:20,20/03/2018 08:23,0,37.142.246.90,100,129763,1,20/03/2018 08:23,R_3aTSQus5RcfnMK5,,,,,32.81559753,34.98919678,anonymous,HE,30,2,3,1,54,17,23,16,22,15,13,18,20,12,21,4,19,3,10,8,5,1,14,7,9,6,2,25,24,11,1.המרכזי בעמק2.בני ציון3.כרמל4.רמבם5.איכילוב - סוראסקי6.שיבא7.רבין בילינסון8.הדסה9.סורוקה10.אסותא אשדוד11.הלל יפה12.וולפסון13.אסף הרופא14.מאיר15.שערי צדק16.רבין השרון17.קפלן18.יוספטל19.לניאדו20.נצרת21.מעיני הישועה22.ברזילי23.נהריה24.פוריה25.רבקה זיו,,,,,,,,,,,,,,,,,,,,,,,,,,2,8,1,"2,3",,3,,3,2,1
20/03/2018 16:30,20/03/2018 16:36,0,194.90.134.18,100,374,1,20/03/2018 16:36,R_1IGIszkE51gtyR0,,,,,31.5,34.75,anonymous,HE,30,2,3,1,54,2,16,3,13,4,8,1,17,14,18,5,19,11,6,25,12,10,23,24,21,20,9,15,22,7, 1. שיבא 2. רבין-ביילינסון 3. אסף הרופא 4. מאיר 5. רמב''ם 6. סורוקה 7. וולפסון 8. כרמל 9. בני ציון 10. אסותא אשדוד 11. רבין-השרון 12. המרכזי בעמק 13. יוספטל 14. קפלן 15. הלל יפה 16. איכילוב-סוראסקי 17. הדסה 18. שערי צדק 19. מעייני הישועה 20. נצרת 21. לניאדו 22. נהריה 23. ברזילי 24. פוריה 25. רבקה זיו,,,,,,,,,,,,,,,,,,,,,,,,,,2,23,1,"1,3,5",,3,,1,2,1
20/03/2018 17:26,20/03/2018 17:33,0,31.154.90.62,100,431,1,20/03/2018 17:33,R_28RQLaw3xYfSXOm,,,,,32.08059692,34.81419373,anonymous,HE,28,2,3,1,54,7,5,6,11,13,12,2,17,20,18,1,16,9,10,19,15,4,23,22,24,14,8,25,21,3,1.רמבם2.בני ציון3.המרכזי בעמק4.הלל יפה5.כרמל6.שיבא7.רבין בילינסון8.אסותא אשדוד9.רבין השרון10.איכילוב - סוראסקי11.מאיר12.סורוקה13.אסף הרופא14.הדסה15.שערי צדק16.וולפסון17.יוספטל18.קפלן19.נצרת20.מעיני הישועה21.לניאדו22.נהריה23.ברזילי24.פוריה25.רבקה זיו,,,,,,,,,,,,,,,,,,,,,,,,,,2,4,1,8,,3,,2,2,1
13/03/2018 20:10,13/03/2018 20:10,0,37.142.162.231,32,33,0,20/03/2018 20:10,R_25LX7dkUDUGf3CQ,,,,,,,anonymous,HE,29,1,1,2,1,,,,,,,,,,,,,,,,,,,,,,,,,,,,,,,,,,,,,,,,,,,,,,,,,,,,,,,,,,,,,
13/03/2018 20:17,13/03/2018 20:17,0,2.53.179.103,32,32,0,20/03/2018 20:17,R_1oI7paThZ0Bac2O,,,,,,,anonymous,HE,30,1,1,2,1,,,,,,,,,,,,,,,,,,,,,,,,,,,,,,,,,,,,,,,,,,,,,,,,,,,,,,,,,,,,,
13/03/2018 20:37,13/03/2018 20:39,0,176.12.178.150,32,95,0,20/03/2018 20:39,R_1Kp5TD5ok23Qef0,,,,,,,anonymous,HE,31,1,1,2,60,,,,,,,,,,,,,,,,,,,,,,,,,,,,,,,,,,,,,,,,,,,,,,,,,,,,,,,,,,,,,
13/03/2018 21:05,13/03/2018 21:06,0,109.66.7.254,32,31,0,20/03/2018 21:06,R_6ta9U1LIyYkwnAd,,,,,,,anonymous,HE,29,2,1,2,6,,,,,,,,,,,,,,,,,,,,,,,,,,,,,,,,,,,,,,,,,,,,,,,,,,,,,,,,,,,,,
13/03/2018 21:56,13/03/2018 21:57,0,79.177.59.150,32,39,0,20/03/2018 21:58,R_3GxCszMEFsN30I4,,,,,,,anonymous,HE,33,1,1,3,1,,,,,,,,,,,,,,,,,,,,,,,,,,,,,,,,,,,,,,,,,,,,,,,,,,,,,,,,,,,,,
13/03/2018 22:03,13/03/2018 22:05,0,80.179.209.101,41,90,0,20/03/2018 22:05,R_79RXbi91uIRBuOB,,,,,,,anonymous,HE,32,1,1,2,1,17,14,23,9,6,7,5,10,11,2,8,4,12,15,18,3,19,16,1,13,22,24,25,20,21,,,,,,,,,,,,,,,,,,,,,,,,,,,,,,,,,,,,
13/03/2018 20:55,13/03/2018 22:28,0,176.12.237.177,41,5596,0,20/03/2018 22:29,R_2Sl7NuIsNAdOwbh,,,,,,,anonymous,HE,37,2,1,2,1,1,22,2,16,3,4,14,13,20,15,18,21,7,24,8,11,19,25,6,12,17,5,9,10,23,,,,,,,,,,,,,,,,,,,,,,,,,,,,,,,,,,,,
13/03/2018 22:57,13/03/2018 22:58,0,93.172.144.12,32,28,0,20/03/2018 22:58,R_1H6w14pHrKnzqoH,,,,,,,anonymous,HE,31,2,1,2,57,,,,,,,,,,,,,,,,,,,,,,,,,,,,,,,,,,,,,,,,,,,,,,,,,,,,,,,,,,,,,
14/03/2018 06:32,14/03/2018 06:38,0,2.53.51.10,41,320,0,21/03/2018 06:38,R_2aVJyeuOkPufVGi,,,,,,,anonymous,HE,28,2,1,2,1,1,21,2,6,3,5,4,17,8,18,14,7,15,11,24,12,20,19,22,25,23,16,10,13,9,,,,,,,,,,,,,,,,,,,,,,,,,,,,,,,,,,,,
14/03/2018 09:21,14/03/2018 09:22,0,141.226.89.37,32,40,0,21/03/2018 09:22,R_2X0Cn36nowCOkY2,,,,,,,anonymous,HE,28,2,2,1,67,,,,,,,,,,,,,,,,,,,,,,,,,,,,,,,,,,,,,,,,,,,,,,,,,,,,,,,,,,,,,
14/03/2018 09:17,14/03/2018 09:22,0,2.55.63.191,41,319,0,21/03/2018 09:22,R_10OCPmunGk2o9bW,,,,,,,anonymous,HE,27,2,2,1,67,2,19,1,12,11,9,10,4,8,3,13,17,14,6,25,18,16,7,20,23,22,15,21,24,5,,,,,,,,,,,,,,,,,,,,,,,,,,,,,,,,,,,,
14/03/2018 09:30,14/03/2018 09:31,0,2.53.11.144,32,43,0,21/03/2018 09:31,R_1OqxUDRzzKC6OC2,,,,,,,anonymous,HE,29,1,2,1,67,,,,,,,,,,,,,,,,,,,,,,,,,,,,,,,,,,,,,,,,,,,,,,,,,,,,,,,,,,,,,
14/03/2018 10:22,14/03/2018 10:23,0,132.73.193.166,32,42,0,21/03/2018 10:23,R_3F56Dw9iw7oWe8q,,,,,,,anonymous,HE,29,2,2,1,67,,,,,,,,,,,,,,,,,,,,,,,,,,,,,,,,,,,,,,,,,,,,,,,,,,,,,,,,,,,,,
21/03/2018 10:25,21/03/2018 10:45,0,2.53.9.13,100,1158,1,21/03/2018 10:45,R_2ypfmnfZsditLcb,,,,,31.792099,34.64970398,anonymous,HE,32,1,3,1,54,6,17,7,9,8,12,14,18,16,19,1,13,3,20,25,4,5,21,24,23,10,2,15,22,11,1.רמבם2.בני ציון3.כרמל4.איכילוב - סוראסקי5.רבין בילינסון6.מאיר7.שיבא8.רבין השרון9.הדסה10.המרכזי בעמק11.קפלן12.סורוקה13.מעיני הישועה14.יוספטל15.שערי צדק16.אסף הרופא17.אסותא אשדוד18.הלל יפה19.וולפסון20.לניאדו21.נצרת22.נהריה23.ברזילי24.פוריה25.רבקה זיו,,,,,,,,,,,,,,,,,,,,,,,,,,2,22,1,"1,3,5,6",,3,,3,2,1
14/03/2018 10:42,14/03/2018 10:45,0,188.64.206.43,41,225,0,21/03/2018 10:46,R_2veuSb5fdmnUrt8,,,,,,,anonymous,HE,29,2,2,1,60,2,17,1,6,4,5,3,15,10,11,7,8,12,16,25,18,14,21,23,24,20,13,19,22,9,,,,,,,,,,,,,,,,,,,,,,,,,,,,,,,,,,,,
14/03/2018 11:00,14/03/2018 11:04,0,141.226.88.132,32,226,0,21/03/2018 11:05,R_115zggOMHAD0GP5,,,,,,,anonymous,HE,27,2,2,1,67,,,,,,,,,,,,,,,,,,,,,,,,,,,,,,,,,,,,,,,,,,,,,,,,,,,,,,,,,,,,,
14/03/2018 11:45,14/03/2018 11:48,0,2.53.172.74,32,181,0,21/03/2018 11:48,R_7ND3jNJg6uSkr61,,,,,,,anonymous,HE,30,3,2,1,1,,,,,,,,,,,,,,,,,,,,,,,,,,,,,,,,,,,,,,,,,,,,,,,,,,,,,,,,,,,,,
14/03/2018 12:02,14/03/2018 12:03,0,46.19.85.99,32,53,0,21/03/2018 12:03,R_1qb48QFGwS9BAd6,,,,,,,anonymous,HE,26,2,2,1,67,,,,,,,,,,,,,,,,,,,,,,,,,,,,,,,,,,,,,,,,,,,,,,,,,,,,,,,,,,,,,
14/03/2018 12:14,14/03/2018 12:18,0,2.53.154.202,41,226,0,21/03/2018 12:18,R_1i9kCw62CAtDPnI,,,,,,,anonymous,HE,30,2,2,1,67,5,18,4,6,2,8,3,14,7,15,9,17,11,1,23,12,16,20,24,19,25,10,22,21,13,,,,,,,,,,,,,,,,,,,,,,,,,,,,,,,,,,,,
14/03/2018 12:44,14/03/2018 12:45,0,2.53.178.10,32,54,0,21/03/2018 12:45,R_2wEpCq6LjNK4nXw,,,,,,,anonymous,HE,29,1,2,1,67,,,,,,,,,,,,,,,,,,,,,,,,,,,,,,,,,,,,,,,,,,,,,,,,,,,,,,,,,,,,,
14/03/2018 12:48,14/03/2018 12:49,0,132.72.60.242,32,67,0,21/03/2018 12:49,R_29h8KJGmQMxtEbj,,,,,,,anonymous,HE,30,2,2,1,67,,,,,,,,,,,,,,,,,,,,,,,,,,,,,,,,,,,,,,,,,,,,,,,,,,,,,,,,,,,,,
21/03/2018 12:51,21/03/2018 13:03,0,141.226.179.184,100,737,1,21/03/2018 13:03,R_31tONiIcAOtM7xO,,,,,32.06669617,34.76669312,anonymous,HE,26,2,3,1,54,2,15,3,11,1,10,4,18,13,19,6,9,5,20,25,8,14,23,24,21,16,7,22,17,12,1.מאיר2.רבין בילינסון3.אסף הרופא4.הלל יפה5.רבין השרון6.וולפסון7.כרמל8.קפלן9.אסותא אשדוד10.בני ציון11.רמבם12.שיבא13.איכילוב - סוראסקי14.יוספטל15.סורוקה16.הדסה17.שערי צדק18.המרכזי בעמק19.מעיני הישועה20.לניאדו21.נצרת22.ברזילי23.נהריה24.פוריה25.רבקה זיו,,,,,,,,,,,,,,,,,,,,,,,,,,2,13,1,"3,5,6,9",דירגתי בית חולים לא מבוקש באזור בו אני רוצה לגור כי שאר בתי החולים באזור מאוד מבוקשים והסיכוי לקבלם במקום שאינו 1 אפסי.,3,,3,1,1
14/03/2018 14:17,14/03/2018 14:18,0,77.126.2.184,32,63,0,21/03/2018 14:18,R_3qjTGgwF8CDEgMF,,,,,,,anonymous,HE,29,2,5,2,60,,,,,,,,,,,,,,,,,,,,,,,,,,,,,,,,,,,,,,,,,,,,,,,,,,,,,,,,,,,,,
14/03/2018 14:18,14/03/2018 14:18,0,82.81.30.117,32,36,0,21/03/2018 14:19,R_51GeHj7v2IG7v45,,,,,,,anonymous,HE,27,2,5,2,43,,,,,,,,,,,,,,,,,,,,,,,,,,,,,,,,,,,,,,,,,,,,,,,,,,,,,,,,,,,,,
14/03/2018 14:24,14/03/2018 14:28,0,188.64.206.47,41,222,0,21/03/2018 14:28,R_Dw9SLBFB2jBDTwd,,,,,,,anonymous,HE,28,1,5,2,58,2,18,1,4,8,10,3,21,11,6,5,15,7,16,20,13,14,22,25,23,19,12,24,17,9,,,,,,,,,,,,,,,,,,,,,,,,,,,,,,,,,,,,
14/03/2018 14:56,14/03/2018 14:57,0,81.218.106.146,32,64,0,21/03/2018 14:57,R_2WI7xN9W3REzqzb,,,,,,,anonymous,HE,32,1,5,2,21,,,,,,,,,,,,,,,,,,,,,,,,,,,,,,,,,,,,,,,,,,,,,,,,,,,,,,,,,,,,,
14/03/2018 14:58,14/03/2018 14:59,0,79.176.56.198,32,97,0,21/03/2018 14:59,R_2YzhCx5HYKCCZI1,,,,,,,anonymous,HE,28,2,5,1,77,,,,,,,,,,,,,,,,,,,,,,,,,,,,,,,,,,,,,,,,,,,,,,,,,,,,,,,,,,,,,
14/03/2018 15:11,14/03/2018 15:30,0,2.53.42.164,41,1125,0,21/03/2018 15:30,R_1BVCWZtLhei1b27,,,,,,,anonymous,HE,28,2,5,1,8,2,24,1,6,4,5,3,12,9,11,7,10,14,13,25,19,18,22,16,23,20,15,17,21,8,,,,,,,,,,,,,,,,,,,,,,,,,,,,,,,,,,,,
14/03/2018 15:46,14/03/2018 15:51,0,185.46.78.20,41,285,0,21/03/2018 15:51,R_2Sukp0GHJwZzfTk,,,,,,,anonymous,HE,32,1,5,1,21,14,2,18,20,15,6,16,3,5,1,9,22,21,8,24,19,13,7,23,25,17,10,11,12,4,,,,,,,,,,,,,,,,,,,,,,,,,,,,,,,,,,,,
14/03/2018 15:52,14/03/2018 15:55,0,213.235.48.244,41,143,0,21/03/2018 15:55,R_2w7xVGO13Ra4HXR,,,,,,,anonymous,HE,23,2,4,1,10,4,11,1,9,15,10,2,3,8,5,17,12,14,7,16,18,13,20,23,25,21,19,22,24,6,,,,,,,,,,,,,,,,,,,,,,,,,,,,,,,,,,,,
14/03/2018 16:00,14/03/2018 16:01,0,176.12.234.105,32,49,0,21/03/2018 16:02,R_2D1XXkAckUnx1Fi,,,,,,,anonymous,HE,23,1,4,1,54,,,,,,,,,,,,,,,,,,,,,,,,,,,,,,,,,,,,,,,,,,,,,,,,,,,,,,,,,,,,,
14/03/2018 15:59,14/03/2018 16:04,0,37.26.147.148,41,300,0,21/03/2018 16:04,R_1q7AM2IJGno7Zo7,,,,,,,anonymous,HE,28,1,4,1,45,4,23,1,5,3,8,2,6,10,7,11,9,12,14,25,16,18,17,24,21,22,13,20,19,15,,,,,,,,,,,,,,,,,,,,,,,,,,,,,,,,,,,,
14/03/2018 16:09,14/03/2018 16:15,0,37.26.149.135,41,341,0,21/03/2018 16:15,R_12bYpSg75oazQdC,,,,,,,anonymous,HE,28,2,5,2,21,2,23,1,7,4,6,3,13,12,14,9,8,10,18,16,17,19,20,24,25,21,11,15,22,5,,,,,,,,,,,,,,,,,,,,,,,,,,,,,,,,,,,,
14/03/2018 16:23,14/03/2018 16:28,0,84.109.125.74,41,271,0,21/03/2018 16:28,R_2di0BgiELmRmALR,,,,,,,anonymous,HE,23,2,4,1,28,5,19,4,15,1,8,3,12,13,11,17,7,10,2,23,6,14,25,21,20,22,16,18,24,9,,,,,,,,,,,,,,,,,,,,,,,,,,,,,,,,,,,,
14/03/2018 16:35,14/03/2018 16:37,0,109.67.25.136,32,112,0,21/03/2018 16:37,R_1mrrQ5N35BpqhTw,,,,,,,anonymous,HE,29,2,4,1,45,,,,,,,,,,,,,,,,,,,,,,,,,,,,,,,,,,,,,,,,,,,,,,,,,,,,,,,,,,,,,
14/03/2018 16:51,14/03/2018 17:00,0,132.64.166.159,41,556,0,21/03/2018 17:00,R_OIiJFLzBDyk3Xq1,,,,,,,anonymous,HE,26,2,4,1,45,1,10,2,16,4,14,3,5,12,18,7,13,8,6,22,11,15,20,23,19,21,9,25,24,17,,,,,,,,,,,,,,,,,,,,,,,,,,,,,,,,,,,,
14/03/2018 17:08,14/03/2018 17:09,0,93.173.35.1,32,51,0,21/03/2018 17:09,R_1N9CzBt8oLEXq9U,,,,,,,anonymous,HE,30,1,5,2,25,,,,,,,,,,,,,,,,,,,,,,,,,,,,,,,,,,,,,,,,,,,,,,,,,,,,,,,,,,,,,
14/03/2018 17:07,14/03/2018 17:10,0,93.173.35.1,41,212,0,21/03/2018 17:10,R_240IJ7gAgYUIGAX,,,,,,,anonymous,HE,29,1,5,2,28,1,20,2,13,3,8,12,7,17,16,6,9,14,5,25,4,19,11,24,21,18,15,23,22,10,,,,,,,,,,,,,,,,,,,,,,,,,,,,,,,,,,,,
14/03/2018 17:18,14/03/2018 17:19,0,80.74.107.118,32,32,0,21/03/2018 17:19,R_TaM3LiOThRo9YBz,,,,,,,anonymous,HE,27,2,4,1,5,,,,,,,,,,,,,,,,,,,,,,,,,,,,,,,,,,,,,,,,,,,,,,,,,,,,,,,,,,,,,
14/03/2018 17:55,14/03/2018 17:55,0,176.12.141.193,32,37,0,21/03/2018 17:55,R_3ikVvEa093SDhDG,,,,,,,anonymous,HE,33,2,1,2,1,,,,,,,,,,,,,,,,,,,,,,,,,,,,,,,,,,,,,,,,,,,,,,,,,,,,,,,,,,,,,
14/03/2018 18:05,14/03/2018 18:07,0,84.111.12.225,32,89,0,21/03/2018 18:07,R_TqgVadZmaAR5mwx,,,,,,,anonymous,HE,30,1,5,1,74,,,,,,,,,,,,,,,,,,,,,,,,,,,,,,,,,,,,,,,,,,,,,,,,,,,,,,,,,,,,,
14/03/2018 17:55,14/03/2018 18:07,0,62.90.131.234,41,715,0,21/03/2018 18:07,R_1INownp0fHsCYjs,,,,,,,anonymous,HE,29,2,1,2,1,2,18,1,6,4,5,8,10,23,11,12,3,16,9,25,13,19,22,20,17,21,14,15,24,7,,,,,,,,,,,,,,,,,,,,,,,,,,,,,,,,,,,,
14/03/2018 18:10,14/03/2018 18:10,0,37.142.164.2,32,38,0,21/03/2018 18:11,R_3Q00JAIxRaFivR6,,,,,,,anonymous,HE,24,1,4,1,45,,,,,,,,,,,,,,,,,,,,,,,,,,,,,,,,,,,,,,,,,,,,,,,,,,,,,,,,,,,,,
14/03/2018 18:37,14/03/2018 18:39,0,109.66.0.94,32,137,0,21/03/2018 18:39,R_1gGPwAh7sfnQGJI,,,,,,,anonymous,HE,29,1,4,1,45,,,,,,,,,,,,,,,,,,,,,,,,,,,,,,,,,,,,,,,,,,,,,,,,,,,,,,,,,,,,,
14/03/2018 18:42,14/03/2018 18:50,0,77.139.127.91,32,486,0,21/03/2018 18:50,R_2dLo3ngDMPpIE94,,,,,,,anonymous,HE,29,1,4,1,45,2,20,1,11,6,7,5,4,10,3,8,13,17,9,25,15,19,23,24,21,22,16,14,18,12,,,,,,,,,,,,,,,,,,,,,,,,,,,,,,,,,,,,
14/03/2018 20:04,14/03/2018 20:06,0,84.110.55.103,32,75,0,21/03/2018 20:06,R_28TgJ7ChGlJY48c,,,,,,,anonymous,HE,25,2,4,1,45,,,,,,,,,,,,,,,,,,,,,,,,,,,,,,,,,,,,,,,,,,,,,,,,,,,,,,,,,,,,,
14/03/2018 21:41,14/03/2018 21:45,0,188.64.206.172,32,231,0,21/03/2018 21:45,R_124tPH5VHr8iBP9,,,,,,,anonymous,HE,26,2,4,1,45,,,,,,,,,,,,,,,,,,,,,,,,,,,,,,,,,,,,,,,,,,,,,,,,,,,,,,,,,,,,,
14/03/2018 22:11,14/03/2018 22:12,0,77.126.14.160,32,56,0,21/03/2018 22:12,R_30jIYmcvIZDWvyj,,,,,,,anonymous,HE,30,1,4,1,1,,,,,,,,,,,,,,,,,,,,,,,,,,,,,,,,,,,,,,,,,,,,,,,,,,,,,,,,,,,,,
14/03/2018 22:11,14/03/2018 22:12,0,46.19.85.30,32,50,0,21/03/2018 22:13,R_3qdSmjtWIPDrYgP,,,,,,,anonymous,HE,30,1,5,2,53,,,,,,,,,,,,,,,,,,,,,,,,,,,,,,,,,,,,,,,,,,,,,,,,,,,,,,,,,,,,,
14/03/2018 16:38,14/03/2018 22:52,0,109.67.25.136,41,22428,0,21/03/2018 22:52,R_1jjKR5tCGj6AchW,,,,,,,anonymous,HE,29,2,4,1,45,5,9,6,11,16,7,22,4,17,12,2,10,3,1,19,15,14,23,21,20,13,18,24,25,8,,,,,,,,,,,,,,,,,,,,,,,,,,,,,,,,,,,,
15/03/2018 00:39,15/03/2018 00:44,0,79.178.128.141,41,310,0,22/03/2018 00:44,R_2TL5rWfiD4bhYfE,,,,,,,anonymous,HE,39,1,4,1,45,3,25,5,9,10,7,4,2,6,1,15,8,18,14,23,17,22,12,20,24,21,19,11,16,13,,,,,,,,,,,,,,,,,,,,,,,,,,,,,,,,,,,,
14/03/2018 16:54,15/03/2018 01:32,0,109.65.32.121,32,31093,0,22/03/2018 01:32,R_2tMxI2EEk3Gg2Rp,,,,,,,anonymous,HE,31,2,4,1,45,,,,,,,,,,,,,,,,,,,,,,,,,,,,,,,,,,,,,,,,,,,,,,,,,,,,,,,,,,,,,
15/03/2018 06:54,15/03/2018 06:56,0,2.55.136.92,41,132,0,22/03/2018 06:56,R_1K6KGkMstIyGHjr,,,,,,,anonymous,HE,26,2,2,1,22,4,22,1,3,2,6,5,15,9,23,18,7,14,11,24,13,17,16,25,19,20,21,8,12,10,,,,,,,,,,,,,,,,,,,,,,,,,,,,,,,,,,,,
15/03/2018 07:55,15/03/2018 07:59,0,141.226.172.73,41,248,0,22/03/2018 08:00,R_3hoKgGaGiv1Ck1k,,,,,,,anonymous,HE,27,2,5,1,1,1,21,2,5,3,4,7,20,8,19,12,6,10,13,25,14,17,18,22,24,23,11,15,16,9,,,,,,,,,,,,,,,,,,,,,,,,,,,,,,,,,,,,
15/03/2018 11:05,15/03/2018 11:08,0,79.180.82.100,32,148,0,22/03/2018 11:08,R_1GTAxXJyeOTmZs3,,,,,,,anonymous,HE,27,2,4,1,45,,,,,,,,,,,,,,,,,,,,,,,,,,,,,,,,,,,,,,,,,,,,,,,,,,,,,,,,,,,,,
15/03/2018 14:26,15/03/2018 14:26,0,89.138.229.151,32,36,0,22/03/2018 14:26,R_RtcEK70d20UARhf,,,,,,,anonymous,HE,30,2,5,1,28,,,,,,,,,,,,,,,,,,,,,,,,,,,,,,,,,,,,,,,,,,,,,,,,,,,,,,,,,,,,,
15/03/2018 15:26,15/03/2018 15:33,0,2.55.150.219,41,402,0,22/03/2018 15:33,R_CkONENrVwhwjbih,,,,,,,anonymous,HE,27,2,2,1,1,4,19,2,3,1,12,5,17,11,16,13,7,14,10,25,8,20,21,23,22,24,15,6,18,9,,,,,,,,,,,,,,,,,,,,,,,,,,,,,,,,,,,,
15/03/2018 15:50,15/03/2018 15:56,0,185.69.144.49,41,343,0,22/03/2018 15:57,R_32QFfT9q1LQqer4,,,,,,,anonymous,HE,28,1,2,1,67,12,23,8,18,14,10,9,3,15,4,1,21,7,6,16,20,5,17,25,24,13,2,19,22,11,,,,,,,,,,,,,,,,,,,,,,,,,,,,,,,,,,,,
15/03/2018 17:21,15/03/2018 17:26,0,77.125.241.222,41,317,0,22/03/2018 17:27,R_1GTVGELhHN4B5Cm,,,,,,,anonymous,HE,30,2,2,1,67,10,23,1,15,3,6,2,8,4,9,13,11,14,5,24,12,20,19,25,22,21,16,17,18,7,,,,,,,,,,,,,,,,,,,,,,,,,,,,,,,,,,,,
23/03/2018 12:32,23/03/2018 12:40,0,31.210.187.211,100,477,1,23/03/2018 12:40,R_299PCSabqaFhsWN,,,,,32.06669617,34.76669312,anonymous,HE,30,2,3,1,54,12,22,11,13,19,9,8,17,7,20,3,16,1,21,24,4,5,25,23,14,6,2,18,10,15,1.כרמל2.בני ציון3.רמבם4.איכילוב - סוראסקי5.רבין בילינסון6.הלל יפה7.המרכזי בעמק8.מאיר9.שיבא10.אסף הרופא11.רבין השרון12.קפלן13.וולפסון14.נהריה15.לניאדו16.נצרת17.יוספטל18.סורוקה19.אסותא אשדוד20.הדסה21.שערי צדק22.מעיני הישועה23.פוריה24.רבקה זיו25.ברזילי,,,,,,,,,,,,,,,,,,,,,,,,,,2,11,1,9,מקומות ראשונים לפי העדפותיי האמיתיות על פי שיקול גיאוגרפי ורצוני בבית חולים קטן. מקומות אמצעיים בתי חולים מבוקשים מהמרכז שידעתי שלא אקבל במקומות אלו ובסוף בתי חולים שבאמת לא רציתי,3,,2,2,1
23/03/2018 14:38,23/03/2018 14:48,0,77.138.140.134,100,577,1,23/03/2018 14:48,R_3n2D7faRxrmJyFH,,,,,32.81559753,34.98919678,anonymous,HE,30,1,3,1,54,4,17,5,9,7,14,8,21,18,22,1,15,2,20,19,12,3,23,16,13,11,6,24,25,10,1.רמבם2.המרכזי בעמק3.כרמל4.הלל יפה5.בני ציון6.מאיר7.איכילוב - סוראסקי8.רבין בילינסון9.רבין השרון10.שיבא11.אסותא אשדוד12.אסף הרופא13.וולפסון14.סורוקה15.יוספטל16.קפלן17.הדסה18.שערי צדק19.נהריה20.מעיני הישועה21.נצרת22.לניאדו23.ברזילי24.פוריה25.רבקה זיו,,,,,,,,,,,,,,,,,,,,,,,,,,2,14,1,"1,5,6,8",,2,,1,2,1
23/03/2018 18:54,23/03/2018 19:03,0,79.181.232.80,100,585,1,23/03/2018 19:03,R_SOb5QdnrlyZkspP,,,,,32.24989319,34.91740417,anonymous,HE,27,2,4,2,45,3,19,1,4,8,7,2,9,15,13,10,5,12,16,25,18,11,21,24,22,23,14,17,20,6,,13,17,11,2,3,9,1,4,8,12,16,10,15,5,25,19,7,22,24,20,23,14,18,21,6,2,23,1,"1,2,3,4,5,6,7,8",,3,,1,1,1
17/03/2018 19:05,17/03/2018 19:06,0,2.55.148.42,32,22,0,24/03/2018 19:06,R_2zViLb0w8Fw2fLU,,,,,,,anonymous,HE,25,1,4,1,45,,,,,,,,,,,,,,,,,,,,,,,,,,,,,,,,,,,,,,,,,,,,,,,,,,,,,,,,,,,,,
13/03/2018 20:26,17/03/2018 19:21,0,109.186.23.167,41,341714,0,24/03/2018 19:21,R_wM17C6GCngWIVmF,,,,,,,anonymous,HE,35,2,1,2,6,3,24,1,2,7,5,6,20,10,18,16,4,17,15,12,8,11,14,23,25,13,19,21,22,9,,,,,,,,,,,,,,,,,,,,,,,,,,,,,,,,,,,,
25/03/2018 07:55,25/03/2018 08:10,0,2.53.61.110,100,880,1,25/03/2018 08:10,R_ByrEN6wZY2DedJ7,,,,,31.5,34.75,anonymous,HE,30,1,4,1,8,3,13,2,7,8,6,4,1,5,10,20,16,12,18,25,21,23,19,17,22,14,11,15,24,9,,12,13,8,9,10,6,7,1,2,3,16,11,18,4,25,15,20,22,24,21,23,17,14,19,5,2,18,1,"1,3,4,5,8",,3,,1,1,1
18/03/2018 08:22,18/03/2018 08:23,0,188.64.206.225,32,65,0,25/03/2018 09:24,R_3G87kMyA84aZ33R,,,,,,,anonymous,HE,24,2,3,1,54,,,,,,,,,,,,,,,,,,,,,,,,,,,,,,,,,,,,,,,,,,,,,,,,,,,,,,,,,,,,,
18/03/2018 08:22,18/03/2018 08:24,0,37.26.149.205,32,101,0,25/03/2018 09:24,R_2PhSjg7LlczLNdD,,,,,,,anonymous,HE,29,2,3,1,1,,,,,,,,,,,,,,,,,,,,,,,,,,,,,,,,,,,,,,,,,,,,,,,,,,,,,,,,,,,,,
18/03/2018 08:27,18/03/2018 08:28,0,141.226.181.183,32,44,0,25/03/2018 09:28,R_1KlKqDDypfIpPMZ,,,,,,,anonymous,HE,30,2,3,1,54,,,,,,,,,,,,,,,,,,,,,,,,,,,,,,,,,,,,,,,,,,,,,,,,,,,,,,,,,,,,,
18/03/2018 08:23,18/03/2018 08:28,0,2.53.13.207,41,340,0,25/03/2018 09:29,R_3iqa46oVvRGRgwm,,,,,,,anonymous,HE,29,1,3,1,54,2,22,1,16,5,6,3,12,17,11,4,18,8,14,23,13,10,20,24,25,21,9,15,19,7,,,,,,,,,,,,,,,,,,,,,,,,,,,,,,,,,,,,
18/03/2018 08:42,18/03/2018 08:45,0,176.12.136.180,41,203,0,25/03/2018 09:46,R_D6ntpHtNoGXv3GN,,,,,,,anonymous,HE,25,2,3,1,42,6,16,1,2,5,14,4,20,12,19,7,11,3,8,25,9,17,24,23,15,21,10,18,22,13,,,,,,,,,,,,,,,,,,,,,,,,,,,,,,,,,,,,
18/03/2018 08:42,18/03/2018 08:53,0,2.55.165.95,41,668,0,25/03/2018 09:53,R_3OjhlVr37WSmJUS,,,,,,,anonymous,HE,27,2,3,1,33,3,19,1,16,2,10,5,7,14,17,4,12,9,6,25,11,13,23,24,20,21,15,18,22,8,,,,,,,,,,,,,,,,,,,,,,,,,,,,,,,,,,,,
18/03/2018 08:53,18/03/2018 08:58,0,2.55.141.4,41,332,0,25/03/2018 09:59,R_2YufOTbzyW3JoUl,,,,,,,anonymous,HE,30,1,3,1,54,5,19,6,9,7,10,4,16,14,17,1,11,2,18,25,13,12,23,24,20,15,3,21,22,8,,,,,,,,,,,,,,,,,,,,,,,,,,,,,,,,,,,,
18/03/2018 09:08,18/03/2018 09:09,0,2.53.27.222,32,69,0,25/03/2018 10:10,R_2tJpjE9Xi6dGgxk,,,,,,,anonymous,HE,27,1,3,1,54,,,,,,,,,,,,,,,,,,,,,,,,,,,,,,,,,,,,,,,,,,,,,,,,,,,,,,,,,,,,,
18/03/2018 09:14,18/03/2018 09:15,0,2.53.183.160,32,31,0,25/03/2018 10:15,R_31TocvjdK2trceo,,,,,,,anonymous,HE,26,2,3,1,54,,,,,,,,,,,,,,,,,,,,,,,,,,,,,,,,,,,,,,,,,,,,,,,,,,,,,,,,,,,,,
18/03/2018 09:12,18/03/2018 09:15,0,109.186.84.159,32,182,0,25/03/2018 10:16,R_2ea2ZCQTc8IKzDz,,,,,,,anonymous,HE,32,1,3,1,54,,,,,,,,,,,,,,,,,,,,,,,,,,,,,,,,,,,,,,,,,,,,,,,,,,,,,,,,,,,,,
25/03/2018 10:25,25/03/2018 10:34,0,80.74.107.118,100,544,1,25/03/2018 10:34,R_2f0AwO35BlWDlFu,,,,,31.77999878,35.22999573,anonymous,HE,26,2,4,1,45,11,25,9,10,5,2,12,3,4,1,13,8,16,6,21,14,15,22,23,19,18,17,24,20,7,2.הדסה3.אסף הרופא4.קפלן5.וולפסון6.רבין השרון7.מאיר8.אסותא אשדוד9.סורוקה10.שיבא11.איכילוב - סוראסקי12.רבין בילינסון13.רמבם14.כרמל15.בני ציון16.הלל יפה17.המרכזי בעמק18.נהריה19.ברזילי20.רבקה זיו21.מעיני הישועה22.לניאדו23.נצרת24.יוספטל25.פוריה,,,,,,,,,,,,,,,,,,,,,,,,,,2,24,2,5,,3,,2,2,1
25/03/2018 10:25,25/03/2018 10:37,0,46.19.86.39,100,686,1,25/03/2018 10:37,R_2UVInm7rSLtIOdE,,,,,32.01139832,34.77220154,anonymous,HE,23,2,4,1,58,2,15,1,6,3,9,4,7,10,8,11,13,12,5,24,16,17,23,22,25,21,14,19,20,18,,7,13,8,17,2,3,9,5,4,6,10,14,11,1,25,15,18,22,24,21,23,12,20,19,16,2,16,1,"1,3,5,6,7",,3,,1,2,1
25/03/2018 10:29,25/03/2018 10:38,0,31.154.9.46,100,552,1,25/03/2018 10:38,R_wSm61Y1BhwXkXHX,,,,,32.50280762,35.45689392,anonymous,HE,29,1,4,1,45,5,23,3,4,6,11,10,1,8,2,13,12,14,17,25,18,19,20,21,22,24,15,9,16,7, 1.הדסה2.שערי צדק3.אסותא אשדוד4.קפלן5.שיבא6.מאיר7.רבין השרון8.רבין בילינסון9.איכילוב - סוראסקי10.אסף הרופא11.וולפסון12.מעיני הישועה13.סורוקה14.רמבם15.בני ציון16.כרמל17.המרכזי בעמק18.יוספטל19.לניאדו20.הלל יפה21.נצרת22.ברזילי23.נהריה24.פוריה25.רבקה זיו,6,14,4,16,2,5,7,9,23,24,3,18,22,8,12,11,25,13,20,21,17,19,15,1,10,2,21,1,"1,5,6,8",,1,ועדת חריגים,1,3,1
25/03/2018 10:30,25/03/2018 10:43,0,176.12.142.121,100,825,1,25/03/2018 10:44,R_3QXbKMbWuQBz2VB,,,,,32.06669617,34.76669312,anonymous,HE,23,1,4,1,8,2,23,3,15,6,11,1,10,7,13,8,16,9,5,22,17,14,12,20,24,19,21,25,18,4,1.הדסה2.אסותא אשדוד3.קפלן4.איכילוב - סוראסקי5.שיבא6.רבין בילינסון7.רמבם8.בני ציון9.המרכזי בעמק10.מאיר11.סורוקה12.אסף הרופא13.הלל יפה14.שערי צדק15.רבין השרון16.וולפסון17.יוספטל18.כרמל19.נצרת20.לניאדו21.מעיני הישועה22.ברזילי23.נהריה24.רבקה זיו25.פוריה,22,10,23,8,7,13,11,3,24,14,17,20,2,12,19,15,16,4,25,21,5,18,1,6,9,2,6,1,"1,5,8",,2,,3,2,1
18/03/2018 09:45,18/03/2018 09:51,0,2.53.137.89,41,333,0,25/03/2018 10:51,R_RIl1unxXcyatcKl,,,,,,,anonymous,HE,31,2,3,1,54,8,20,3,18,14,16,1,6,24,13,2,19,4,5,11,15,10,22,23,21,12,9,17,25,7,,,,,,,,,,,,,,,,,,,,,,,,,,,,,,,,,,,,
18/03/2018 09:57,18/03/2018 09:58,0,37.26.146.237,32,63,0,25/03/2018 10:58,R_1KdSO7HXJsq0lXw,,,,,,,anonymous,HE,29,1,3,1,54,,,,,,,,,,,,,,,,,,,,,,,,,,,,,,,,,,,,,,,,,,,,,,,,,,,,,,,,,,,,,
25/03/2018 11:05,25/03/2018 11:11,0,176.12.179.76,100,388,1,25/03/2018 11:11,R_yPfKCkcepkvmsF3,,,,,32.06669617,34.76669312,anonymous,HE,26,2,4,1,45,6,23,4,13,11,12,8,2,9,1,18,5,21,3,25,19,17,15,24,22,14,20,7,16,10, 1.שערי צדק2.הדסה3.סורוקה4.איכילוב - סוראסקי5.רבין בילינסון6.שיבא7.רמבם8.וולפסון9.אסותא אשדוד10.קפלן11.אסף הרופא12.מעיני הישועה13.מאיר14.יוספטל15.המרכזי בעמק16.בני ציון17.רבין השרון18.הלל יפה19.לניאדו20.כרמל21.נהריה22.ברזילי23.נצרת24.פוריה25.רבקה זיו,,,,,,,,,,,,,,,,,,,,,,,,,,2,24,1,"1,2,3,5,6",,3,,1,3,1
25/03/2018 11:18,25/03/2018 11:25,0,2.53.190.190,100,450,1,25/03/2018 11:25,R_3KO8VGPJPgSiewi,,,,,32.06669617,34.76669312,anonymous,HE,23,2,4,1,45,17,18,11,5,21,7,16,9,19,20,1,8,2,12,14,22,4,24,15,13,6,3,25,23,10,1.כרמל2.בני ציון3.רמבם4.הלל יפה5.המרכזי בעמק6.איכילוב - סוראסקי7.רבין בילינסון8.שיבא9.סורוקה10.אסף הרופא11.הדסה12.וולפסון13.רבין השרון14.מאיר15.יוספטל16.שערי צדק17.קפלן18.נהריה19.אסותא אשדוד20.רבקה זיו21.פוריה22.נצרת23.מעיני הישועה24.ברזילי25.לניאדו,3,21,4,6,8,23,18,1,13,24,12,9,11,25,16,14,17,22,19,5,20,2,7,15,10,2,11,1,"1,2,3,5,7,8",,3,,1,2,1
25/03/2018 11:06,25/03/2018 11:39,0,2.53.21.163,100,2007,1,25/03/2018 11:39,R_dbg2At4Vfec1905,,,,,31.5,34.75,anonymous,HE,25,2,4,1,45,8,6,7,9,14,12,10,2,4,3,18,11,19,1,25,13,20,21,24,22,23,15,17,16,5,1.סורוקה  2.יוספטל  3.שערי צדק  4.הדסה  5.קפלן  6.אסותא אשדוד  7.מאיר  8.הלל יפה  9.אסף הרופא  10.וולפסון  11.שיבא  12.איכילוב - סוראסקי  13.רבין בילינסון  14.רבין השרון  15.המרכזי בעמק  16.רמבם  17.בני ציון  18.כרמל  19.מעיני הישועה  20.לניאדו  21.נצרת  22.ברזילי  23.נהריה  24.פוריה  25.רבקה זיו,,,,,,,,,,,,,,,,,,,,,,,,,,2,16,1,"3,5,6",,3,,3,3,1
18/03/2018 10:57,18/03/2018 10:58,0,37.142.161.29,32,39,0,25/03/2018 11:58,R_3OcVr2XzrkFFp2O,,,,,,,anonymous,HE,29,2,3,1,60,,,,,,,,,,,,,,,,,,,,,,,,,,,,,,,,,,,,,,,,,,,,,,,,,,,,,,,,,,,,,
25/03/2018 12:04,25/03/2018 12:08,0,213.57.42.85,100,256,1,25/03/2018 12:08,R_QaBkoJUKglDFmuZ,,,,,32.08059692,34.81419373,anonymous,HE,24,1,4,1,6,1,13,25,17,2,12,3,23,22,19,11,8,7,21,6,14,24,10,9,20,15,18,5,4,16,1.מאיר2.שיבא3.אסף הרופא4.וולפסון5.קפלן6.רבין השרון7.המרכזי בעמק8.הלל יפה9.הדסה10.שערי צדק11.סורוקה12.בני ציון13.כרמל14.איכילוב - סוראסקי15.רבין בילינסון16.רמבם17.אסותא אשדוד18.יוספטל19.מעיני הישועה20.לניאדו21.נצרת22.ברזילי23.נהריה24.פוריה25.רבקה זיו,,,,,,,,,,,,,,,,,,,,,,,,,,1,13,1,"1,3,4,5,7",,3,,3,2,1
25/03/2018 12:28,25/03/2018 12:38,0,188.64.206.34,100,596,1,25/03/2018 12:38,R_21sQwNYeKeMZj1Y,,,,,32.06669617,34.76669312,anonymous,HE,32,1,4,1,45,7,19,5,6,14,10,9,1,3,2,11,15,12,17,25,16,20,23,24,22,21,13,18,8,4, 1.הדסה2.שערי צדק3.קפלן4.אסותא אשדוד5.איכילוב - סוראסקי6.רבין בילינסון7.סורוקה8.רמבם9.שיבא10.אסף הרופא11.כרמל12.רבין השרון13.וולפסון14.בני ציון15.מאיר16.מעיני הישועה17.הלל יפה18.המרכזי בעמק19.יוספטל20.לניאדו21.נצרת22.ברזילי23.נהריה24.פוריה25.רבקה זיו,5,23,13,11,4,10,18,1,17,16,21,7,24,19,14,25,9,15,12,6,20,2,3,22,8,2,6,1,3,,3,,2,4,1
18/03/2018 12:22,18/03/2018 12:24,0,2.55.166.72,32,106,0,25/03/2018 13:24,R_yUCJIWja3rwLiKd,,,,,,,anonymous,HE,25,2,3,1,54,,,,,,,,,,,,,,,,,,,,,,,,,,,,,,,,,,,,,,,,,,,,,,,,,,,,,,,,,,,,,
25/03/2018 14:31,25/03/2018 14:37,0,185.3.147.161,100,363,1,25/03/2018 14:37,R_1nUdxGkzuBBRnA6,,,,,32.06669617,34.76669312,anonymous,HE,31,1,4,1,45,4,25,14,11,8,5,7,1,3,2,17,10,18,20,24,15,19,12,23,21,22,16,13,9,6,1.הדסה2.שערי צדק3.קפלן4.אסף הרופא5.אסותא אשדוד6.וולפסון7.שיבא8.רבין בילינסון9.מאיר10.רבין השרון11.הלל יפה12.מעיני הישועה13.איכילוב - סוראסקי14.סורוקה15.יוספטל16.המרכזי בעמק17.בני ציון18.כרמל19.רמבם20.לניאדו21.ברזילי22.נצרת23.נהריה24.פוריה25.רבקה זיו,,,,,,,,,,,,,,,,,,,,,,,,,,2,6,1,"3,4",,3,,3,1,1
18/03/2018 13:36,18/03/2018 13:39,0,188.120.148.92,41,206,0,25/03/2018 14:40,R_3RsAq8QcMTvM8iu,,,,,,,anonymous,HE,29,2,3,3,54,9,15,3,22,4,2,17,13,5,11,10,8,14,18,20,1,19,24,12,23,7,21,25,6,16,,,,,,,,,,,,,,,,,,,,,,,,,,,,,,,,,,,,
25/03/2018 15:02,25/03/2018 15:12,0,77.125.0.116,100,641,1,25/03/2018 15:12,R_3eshzZDPCUvda4M,,,,,31.5,34.75,anonymous,HE,29,2,5,1,54,5,25,3,9,4,6,2,20,14,21,10,11,1,18,17,12,8,19,22,24,23,7,16,15,13,,12,14,10,9,8,6,13,19,16,18,11,5,1,15,25,4,3,22,24,20,23,2,17,21,7,2,4,1,"1,2,4,6,8",,3,,2,3,1
25/03/2018 15:18,25/03/2018 15:26,0,79.176.124.42,100,459,1,25/03/2018 15:26,R_Zt50fmIqVz3ySmR,,,,,32.06669617,34.76669312,anonymous,HE,29,1,4,1,45,1,13,4,10,11,3,2,5,7,6,14,12,16,9,25,18,15,23,24,21,22,17,20,19,8,1.איכילוב - סוראסקי2.שיבא3.שערי צדק4.הדסה5.קפלן6.אסותא אשדוד7.וולפסון8.מאיר9.רבין השרון10.אסף הרופא11.רמבם12.רבין בילינסון13.המרכזי בעמק14.סורוקה15.בני ציון16.כרמל17.יוספטל18.הלל יפה19.מעיני הישועה20.נצרת21.לניאדו22.ברזילי23.נהריה24.פוריה25.רבקה זיו,,,,,,,,,,,,,,,,,,,,,,,,,,2,23,1,"1,3,4,5,6",,2,,3,2,1
18/03/2018 15:00,18/03/2018 15:13,0,2.55.160.170,41,787,0,25/03/2018 16:14,R_1jCwSpoOs4fZG0r,,,,,,,anonymous,HE,26,2,3,1,1,1,14,4,5,2,3,6,18,8,19,9,7,11,17,25,10,12,22,24,21,23,13,15,20,16,,,,,,,,,,,,,,,,,,,,,,,,,,,,,,,,,,,,
25/03/2018 17:17,25/03/2018 17:22,0,2.55.154.122,100,348,1,25/03/2018 17:22,R_2XiymUTfEpMkGY9,,,,,32.06669617,34.76669312,anonymous,HE,36,1,4,1,1,1,19,3,12,2,6,4,9,7,8,16,5,14,17,22,15,24,11,25,23,20,18,21,13,10,1.וולפסון 2.קפלן 3.איכילוב - סוראסקי 1.וולפסון2.קפלן3.איכילוב - סוראסקי4.רבין בילינסון5.שיבא6.רמבם7.הדסה8.סורוקה9.מאיר10.כרמל11.שערי צדק12.בני ציון13.אסף הרופא14.המרכזי בעמק15.רבין השרון16.הלל יפה17.אסותא אשדוד18.לניאדו19.יוספטל20.מעיני הישועה21.ברזילי22.נצרת23.נהריה24.פוריה25.רבקה זיו,,,,,,,,,,,,,,,,,,,,,,,,,,2,9,1,"1,5,7",,2,,1,3,1
18/03/2018 19:44,18/03/2018 19:48,0,77.138.156.74,41,242,0,25/03/2018 20:49,R_2Eh6B3MvmTfUwBi,,,,,,,anonymous,HE,29,1,3,1,54,4,8,5,10,11,18,7,14,17,21,2,9,1,16,22,13,12,25,20,23,19,3,15,24,6,,,,,,,,,,,,,,,,,,,,,,,,,,,,,,,,,,,,
25/03/2018 21:31,25/03/2018 21:40,0,84.111.12.225,100,587,1,25/03/2018 21:41,R_3QMKW9yzGNlG59W,,,,,32.50639343,34.92089844,anonymous,HE,30,1,5,1,74,4,20,2,5,6,3,1,15,8,14,16,7,18,13,25,10,19,21,24,22,23,17,12,11,9,,15,11,16,8,6,1,17,13,3,20,19,2,14,18,25,4,12,21,24,22,23,10,5,9,7,2,3,1,"1,4,5,6,7,8",,3,,1,2,1
25/03/2018 21:50,25/03/2018 22:03,0,77.139.115.57,100,778,1,25/03/2018 22:03,R_2S2WtehzyBHtWzZ,,,,,32.81559753,34.98919678,anonymous,HE,24,1,4,1,54,14,10,8,15,9,13,12,7,18,23,2,16,1,11,21,5,4,25,19,22,6,3,20,24,17,1.כרמל2.בני ציון3.המרכזי בעמק4.רמבם5.הלל יפה6.הדסה7.אסף הרופא8.שיבא9.מאיר10.רבין בילינסון11.איכילוב - סוראסקי12.יוספטל13.קפלן14.סורוקה15.רבין השרון16.וולפסון17.אסותא אשדוד18.שערי צדק19.נצרת20.נהריה21.מעיני הישועה22.לניאדו23.ברזילי24.פוריה25.רבקה זיו,,,,,,,,,,,,,,,,,,,,,,,,,,2,11,1,"1,3,5,6,8",,3,,1,1,1
19/03/2018 09:02,19/03/2018 09:06,0,81.218.179.156,32,216,0,26/03/2018 10:06,R_ZxdZzftoiC21llv,,,,,,,anonymous,HE,27,2,3,1,54,,,,,,,,,,,,,,,,,,,,,,,,,,,,,,,,,,,,,,,,,,,,,,,,,,,,,,,,,,,,,
19/03/2018 10:44,19/03/2018 10:45,0,185.32.179.223,32,77,0,26/03/2018 11:45,R_0TwOQup9V8lYGHv,,,,,,,anonymous,HE,30,2,3,1,54,,,,,,,,,,,,,,,,,,,,,,,,,,,,,,,,,,,,,,,,,,,,,,,,,,,,,,,,,,,,,
19/03/2018 11:57,19/03/2018 12:04,0,83.162.192.44,41,425,0,26/03/2018 13:04,R_2QlycU40XoIyZuU,,,,,,,anonymous,HE,30,2,3,1,54,5,8,4,12,3,14,10,17,13,19,1,15,2,16,25,7,11,21,22,24,9,6,20,23,18,,,,,,,,,,,,,,,,,,,,,,,,,,,,,,,,,,,,
19/03/2018 12:43,19/03/2018 12:48,0,81.218.106.146,41,342,0,26/03/2018 13:48,R_Cl5KLjp7GlSOhgd,,,,,,,anonymous,HE,30,1,5,2,21,3,17,2,16,14,4,1,9,6,13,7,5,10,8,25,19,12,22,24,21,23,11,18,20,15,,,,,,,,,,,,,,,,,,,,,,,,,,,,,,,,,,,,
19/03/2018 15:48,19/03/2018 15:50,0,132.64.163.91,32,134,0,26/03/2018 16:50,R_1QRos9CoaqA7B29,,,,,,,anonymous,HE,30,1,4,1,45,,,,,,,,,,,,,,,,,,,,,,,,,,,,,,,,,,,,,,,,,,,,,,,,,,,,,,,,,,,,,
27/03/2018 16:19,27/03/2018 16:25,0,132.64.163.57,100,403,1,27/03/2018 16:25,R_3Okc0z5DGxVsm8W,,,,,31.77999878,35.22999573,anonymous,HE,25,2,4,1,37,2,19,4,12,7,8,1,3,14,11,5,16,9,6,25,15,17,22,24,21,23,13,20,18,10,1.הדסה2.שיבא3.איכילוב - סוראסקי4.אסותא אשדוד5.שערי צדק6.סורוקה7.רבין בילינסון8.אסף הרופא9.רמבם10.מאיר11.וולפסון12.קפלן13.המרכזי בעמק14.הלל יפה15.רבין השרון16.כרמל17.יוספטל18.בני ציון19.לניאדו20.מעיני הישועה21.נצרת22.ברזילי23.נהריה24.פוריה25.רבקה זיו,,,,,,,,,,,,,,,,,,,,,,,,,,2,21,1,"2,3,5,9","רציתי בית חולים גדול, ומבין בתי חולים הגדולים, הדסה היה לפי שנים קודמות בעל הסיכוי הכי סביר לקבל",3,,1,1,1
27/03/2018 17:08,27/03/2018 17:29,0,5.29.207.129,100,1291,1,27/03/2018 17:29,R_3M3dmmqbGDQTS3O,,,,,32.81559753,34.98919678,anonymous,HE,25,1,3,1,54,3,20,2,16,6,12,8,15,17,18,1,7,5,14,25,9,10,23,24,19,11,4,21,22,13,,19,17,5,13,2,8,6,9,12,11,1,7,4,10,25,18,15,23,24,20,16,3,21,22,14,2,22,1,"1,2,4,5,6,8",,3,,2,2,1
27/03/2018 16:49,27/03/2018 18:35,0,37.46.38.113,100,6362,1,27/03/2018 18:35,R_3D77zYM1Yce7RzI,,,,,32.06669617,34.76669312,anonymous,HE,27,2,4,1,45,4,23,3,9,10,7,5,1,11,2,13,12,14,6,19,16,18,17,20,21,22,15,25,24,8,2.שערי צדק3.רבין בילינסון4.איכילוב - סוראסקי5.רמבם6.שיבא7.סורוקה8.אסף הרופא9.אסותא אשדוד10.כרמל11.מאיר12.רבין השרון13.וולפסון14.קפלן15.בני ציון16.יוספטל17.המרכזי בעמק18.הלל יפה19.מעיני הישועה20.לניאדו21.נצרת22.ברזילי23.נהריה24.פוריה25.רבקה זיו,,,,,,,,,,,,,,,,,,,,,,,,,,2,6,1,3,,3,,2,2,1
21/03/2018 10:19,21/03/2018 10:24,0,89.139.219.105,32,322,0,28/03/2018 11:25,R_1mQJ4TVnsprUSPZ,,,,,,,anonymous,HE,25,1,3,1,61,,,,,,,,,,,,,,,,,,,,,,,,,,,,,,,,,,,,,,,,,,,,,,,,,,,,,,,,,,,,,
21/03/2018 11:18,21/03/2018 11:18,0,192.114.20.58,32,21,0,28/03/2018 12:19,R_24wCFF2b5zT0pxL,,,,,,,anonymous,HE,33,2,3,1,54,,,,,,,,,,,,,,,,,,,,,,,,,,,,,,,,,,,,,,,,,,,,,,,,,,,,,,,,,,,,,
28/03/2018 13:19,28/03/2018 13:29,0,79.176.84.79,100,592,1,28/03/2018 13:29,R_1hZ3h19IeKpn3iq,,,,,32.06669617,34.76669312,anonymous,HE,24,2,4,1,27,15,12,16,17,18,13,19,1,3,2,4,11,5,14,25,9,7,22,21,23,8,6,20,24,10,1.הדסה2.שערי צדק3.קפלן4.אסף הרופא5.סורוקה6.המרכזי בעמק7.בני ציון8.נהריה9.וולפסון10.כרמל11.מאיר12.רמבם13.אסותא אשדוד14.רבין בילינסון15.איכילוב - סוראסקי16.שיבא17.רבין השרון18.יוספטל19.נצרת20.מעיני הישועה21.הלל יפה22.לניאדו23.ברזילי24.פוריה25.רבקה זיו,21,9,24,8,17,13,19,1,6,25,4,2,18,7,20,12,11,14,15,5,3,16,10,22,23,2,6,2,,,2,,3,3,1
28/03/2018 16:59,28/03/2018 17:08,0,213.57.168.176,100,548,1,28/03/2018 17:08,R_2Vevc17ELGhR9fy,,,,,31.77999878,35.22999573,anonymous,HE,23,2,4,1,45,2,13,1,14,3,10,8,9,17,12,7,16,4,5,21,15,6,25,19,22,20,11,24,23,18,1.רבין בילינסון2.מאיר3.סורוקה4.הדסה5.איכילוב - סוראסקי6.שיבא7.המרכזי בעמק8.רמבם9.כרמל10.בני ציון11.אסף הרופא12.שערי צדק13.רבין השרון14.קפלן15.יוספטל16.וולפסון17.אסותא אשדוד18.הלל יפה19.מעיני הישועה20.לניאדו21.נצרת22.פוריה23.נהריה24.ברזילי25.רבקה זיו,,,,,,,,,,,,,,,,,,,,,,,,,,2,19,1,3,,3,,3,3,1
28/03/2018 22:40,28/03/2018 22:48,0,213.8.204.94,100,507,1,28/03/2018 22:48,R_3n7xtgphOdjOmkr,,,,,32.08070374,34.83380127,anonymous,HE,27,1,3,1,54,8,17,9,7,15,21,6,1,14,2,3,13,5,16,24,12,11,18,23,25,19,4,20,22,10,,3,23,5,6,13,14,4,2,12,1,7,15,9,16,24,10,18,17,25,21,20,8,19,22,11,2,24,1,"1,2,3,4,5,6,7,8",,3,,3,1,1
29/03/2018 22:15,29/03/2018 22:19,0,84.108.21.124,100,240,1,29/03/2018 22:19,R_ufYM8BwO9KYOtlD,,,,,32.06669617,34.76669312,anonymous,HE,29,2,5,1,1,2,19,1,6,5,10,9,11,14,20,3,13,8,7,25,15,17,16,24,22,23,12,21,18,4,1.רבין בילינסון2.איכילוב - סוראסקי3.רבין השרון4.מאיר5.רמבם6.אסותא אשדוד7.סורוקה8.כרמל9.וולפסון10.שיבא11.אסף הרופא12.הדסה13.יוספטל14.בני ציון15.קפלן16.ברזילי17.הלל יפה18.לניאדו19.המרכזי בעמק20.שערי צדק21.מעיני הישועה22.נצרת23.נהריה24.פוריה25.רבקה זיו,,,,,,,,,,,,,,,,,,,,,,,,,,2,5,2,,,3,,2,3,1
25/03/2018 08:15,25/03/2018 08:18,0,132.64.159.8,41,221,0,01/04/2018 08:19,R_6XuMYHM2ZkPr2dr,,,,,,,anonymous,HE,27,2,4,1,8,3,20,2,17,6,10,1,5,11,12,13,15,4,8,24,16,18,22,25,19,23,14,9,21,7,,,,,,,,,,,,,,,,,,,,,,,,,,,,,,,,,,,,
25/03/2018 10:26,25/03/2018 10:29,0,176.13.234.156,41,197,0,01/04/2018 10:29,R_3n6QUTNXXTt2o7O,,,,,,,anonymous,HE,23,2,4,1,45,2,17,1,13,3,9,7,6,14,16,8,20,4,5,23,18,11,25,15,24,19,10,22,21,12,,,,,,,,,,,,,,,,,,,,,,,,,,,,,,,,,,,,
25/03/2018 10:46,25/03/2018 10:47,0,132.64.159.52,32,41,0,01/04/2018 10:47,R_1Lb4b6iBX0WxsWF,,,,,,,anonymous,HE,24,1,4,1,37,,,,,,,,,,,,,,,,,,,,,,,,,,,,,,,,,,,,,,,,,,,,,,,,,,,,,,,,,,,,,
25/03/2018 10:26,25/03/2018 10:58,0,176.12.142.121,41,1924,0,01/04/2018 10:58,R_u3Apz0sAro98TqF,,,,,,,anonymous,HE,23,1,4,1,8,4,8,3,19,2,12,1,10,7,14,11,15,9,5,24,13,20,16,23,21,18,17,25,22,6,,,,,,,,,,,,,,,,,,,,,,,,,,,,,,,,,,,,
25/03/2018 10:58,25/03/2018 11:02,0,2.53.29.133,32,229,0,01/04/2018 11:02,R_1Nt2Vpks9dHCLfV,,,,,,,anonymous,HE,32,1,4,1,45,,,,,,,,,,,,,,,,,,,,,,,,,,,,,,,,,,,,,,,,,,,,,,,,,,,,,,,,,,,,,
25/03/2018 11:09,25/03/2018 11:14,0,80.74.107.118,41,276,0,01/04/2018 11:14,R_28D2xUm6aBdEB1G,,,,,,,anonymous,HE,24,2,4,1,37,2,14,3,15,9,10,1,4,12,11,5,20,8,6,25,13,16,22,24,21,23,17,18,19,7,,,,,,,,,,,,,,,,,,,,,,,,,,,,,,,,,,,,
25/03/2018 11:31,25/03/2018 11:32,0,2.55.160.251,41,98,0,01/04/2018 11:32,R_Xwcxb7p1E1WV5W9,,,,,,,anonymous,HE,27,2,4,1,1,1,2,17,23,16,3,21,7,10,20,11,4,5,22,19,9,25,15,18,24,13,12,8,6,14,,,,,,,,,,,,,,,,,,,,,,,,,,,,,,,,,,,,
25/03/2018 12:22,25/03/2018 12:23,0,80.74.107.118,32,76,0,01/04/2018 12:24,R_1jDJxhEqJOoqga8,,,,,,,anonymous,HE,32,1,4,1,45,,,,,,,,,,,,,,,,,,,,,,,,,,,,,,,,,,,,,,,,,,,,,,,,,,,,,,,,,,,,,
25/03/2018 12:54,25/03/2018 12:54,0,46.19.86.255,32,32,0,01/04/2018 12:55,R_Zen1WkAsONvj3HP,,,,,,,anonymous,HE,29,2,5,1,1,,,,,,,,,,,,,,,,,,,,,,,,,,,,,,,,,,,,,,,,,,,,,,,,,,,,,,,,,,,,,
25/03/2018 12:53,25/03/2018 12:57,0,37.26.149.138,41,258,0,01/04/2018 12:58,R_2w0Hi3GX9nsmLc2,,,,,,,anonymous,HE,30,2,5,1,28,6,17,1,4,2,3,5,20,10,19,9,7,22,16,25,23,13,24,14,21,12,18,11,15,8,,,,,,,,,,,,,,,,,,,,,,,,,,,,,,,,,,,,
25/03/2018 12:53,25/03/2018 12:58,0,46.19.86.172,41,284,0,01/04/2018 12:58,R_832CP23I8dTaZNf,,,,,,,anonymous,HE,30,1,5,1,74,5,19,2,4,6,3,1,12,9,11,13,8,14,10,25,16,17,21,24,22,23,15,20,18,7,,,,,,,,,,,,,,,,,,,,,,,,,,,,,,,,,,,,
25/03/2018 14:54,25/03/2018 14:55,0,37.26.146.228,32,66,0,01/04/2018 14:56,R_1kHpKd2kpJhe5tH,,,,,,,anonymous,HE,30,1,4,1,45,,,,,,,,,,,,,,,,,,,,,,,,,,,,,,,,,,,,,,,,,,,,,,,,,,,,,,,,,,,,,
25/03/2018 15:04,25/03/2018 15:05,0,141.226.217.241,32,75,0,01/04/2018 15:05,R_1mCLF3P7YSt6lXA,,,,,,,anonymous,HE,33,1,5,1,34,,,,,,,,,,,,,,,,,,,,,,,,,,,,,,,,,,,,,,,,,,,,,,,,,,,,,,,,,,,,,
25/03/2018 15:20,25/03/2018 15:21,0,37.142.162.167,32,48,0,01/04/2018 15:21,R_2wtVTWUfVbpyfEk,,,,,,,anonymous,HE,29,2,4,1,45,,,,,,,,,,,,,,,,,,,,,,,,,,,,,,,,,,,,,,,,,,,,,,,,,,,,,,,,,,,,,
27/03/2018 06:29,27/03/2018 06:30,0,213.57.39.165,32,31,0,03/04/2018 06:30,R_3nxcVMEx69Cyrc1,,,,,,,anonymous,HE,25,2,4,1,37,,,,,,,,,,,,,,,,,,,,,,,,,,,,,,,,,,,,,,,,,,,,,,,,,,,,,,,,,,,,,
03/04/2018 08:13,03/04/2018 08:20,0,147.234.23.171,100,461,1,03/04/2018 08:20,R_3HtPEIace62A90K,,,,,32.06669617,34.76669312,anonymous,HE,32,1,4,1,45,5,17,6,10,18,3,8,1,4,2,14,9,16,11,20,21,13,12,19,24,25,15,22,23,7,1.הדסה2.שערי צדק3.אסף הרופא4.שיבא5.קפלן6.אסותא אשדוד7.וולפסון8.איכילוב - סוראסקי9.רבין בילינסון10.רבין השרון11.סורוקה12.מאיר13.המרכזי בעמק14.רמבם15.כרמל16.בני ציון17.יוספטל18.הלל יפה19.מעיני הישועה20.לניאדו21.נצרת22.ברזילי23.פוריה24.רבקה זיו25.נהריה,,,,,,,,,,,,,,,,,,,,,,,,,,2,6,1,"1,3,4,5",,3,,3,1,1
29/03/2018 01:00,29/03/2018 01:03,0,79.180.113.145,41,160,0,05/04/2018 01:03,R_baoRTDZpaMsiAM1,,,,,,,anonymous,HE,28,2,4,1,45,1,25,6,4,11,14,3,9,2,15,7,13,5,10,23,19,17,21,18,16,24,8,22,20,12,,,,,,,,,,,,,,,,,,,,,,,,,,,,,,,,,,,,
07/04/2018 11:14,07/04/2018 11:32,0,5.22.134.71,100,1042,1,07/04/2018 11:32,R_3P7G3DBAbsD0NjR,,,,,32.06669617,34.76669312,anonymous,HE,27,2,2,1,43,4,21,3,2,1,11,6,18,12,19,15,5,16,10,25,8,13,20,22,24,23,17,9,14,7,,8,18,9,3,1,12,5,17,7,13,10,2,14,11,25,6,16,22,24,20,23,15,19,21,4,2,13,1,"2,3,5,6,8",,3,,2,2,1
